/*
Navicat MySQL Data Transfer

Source Server         : im
Source Server Version : 50547
Source Host           : localhost:3306
Source Database       : logistics

Target Server Type    : MYSQL
Target Server Version : 50547
File Encoding         : 65001

Date: 2019-07-08 20:49:21
*/

SET FOREIGN_KEY_CHECKS=0;

-- ----------------------------
-- Table structure for contract
-- ----------------------------
DROP TABLE IF EXISTS `contract`;
CREATE TABLE `contract` (
  `contract_id` varchar(40) NOT NULL,
  `offeror` varchar(200) DEFAULT NULL,
  `contract_no` varchar(50) DEFAULT NULL,
  `signing_date` datetime DEFAULT NULL,
  `input_by` varchar(30) DEFAULT NULL,
  `check_by` varchar(30) DEFAULT NULL,
  `inspector` varchar(30) DEFAULT NULL,
  `total_amount` int(10) DEFAULT NULL,
  `crequest` varchar(2000) DEFAULT NULL,
  `custom_name` varchar(200) DEFAULT NULL,
  `ship_time` datetime NOT NULL,
  `import_num` int(11) DEFAULT NULL COMMENT '打印时标识几个星,对应说明中的内容\r\n',
  `delivery_period` datetime NOT NULL,
  `old_state` int(11) DEFAULT NULL COMMENT '归档前状态, 方便回退',
  `out_state` int(11) DEFAULT NULL COMMENT '0未走货 1部分 2全部\r\n            \r\n            归档后, 其他选择合同的地方均去除.\r\n            表示合同已完成, 不论是否合同的货物是否全部真的走完, 因为有赔付等其他情况',
  `trade_terms` varchar(30) DEFAULT NULL,
  `print_style` char(1) DEFAULT NULL COMMENT '宽2:一页两个货物  窄1:一页一个货物',
  `remark` varchar(600) DEFAULT NULL,
  `state` int(11) DEFAULT NULL COMMENT '0草稿 1已上报待报运\r\n  \r\n归档后, 其他选择合同的地方均去除.\r\n表示合同已完成, 不论是否合同的货物是否全部真的走完, 因为有赔付等其他情况',
  `create_by` varchar(40) DEFAULT NULL,
  `create_dept` varchar(40) DEFAULT NULL,
  `create_time` datetime NOT NULL,
  `update_by` varchar(40) DEFAULT NULL,
  `update_time` datetime NOT NULL,
  KEY `contract_id` (`contract_id`)
) ENGINE=MyISAM DEFAULT CHARSET=utf8;

-- ----------------------------
-- Records of contract
-- ----------------------------
INSERT INTO `contract` VALUES ('8a7e81015acf673a015acf6dc97e0000', 'AOP05', 'AOP05', '0000-00-00 00:00:00', 'AOP05', 'AOP05', 'AOP05', '0', 'AOP05', 'AOP05', '0000-00-00 00:00:00', '3', '0000-00-00 00:00:00', null, null, 'FOB', '2', 'AOP05', '1', '6764e5a1-45e5-4229-a72a-7c5d72209b15', 'aeb1c7d3-9a54-4f73-b0ec-0325b83aef45', '0000-00-00 00:00:00', null, '0000-00-00 00:00:00');
INSERT INTO `contract` VALUES ('8a7e84215827fe1b015828058c360001', 'AOP', 'AOP', '0000-00-00 00:00:00', 'AOP', 'AOPAOP', 'AOP', '0', 'AOP', 'AOP', '0000-00-00 00:00:00', '3', '0000-00-00 00:00:00', null, null, 'L/C', '2', 'AOP', '1', '6764e5a1-45e5-4229-a72a-7c5d72209b15', 'aeb1c7d3-9a54-4f73-b0ec-0325b83aef45', '0000-00-00 00:00:00', null, '0000-00-00 00:00:00');
INSERT INTO `contract` VALUES ('8a7e845158dc48ec0158dc49ce140000', 'WWWW', 'C34543543', '0000-00-00 00:00:00', 'YYYYY02', 'QQQQ', 'ZZZZ03', '900', 'SSSS05', 'XXXX01', '0000-00-00 00:00:00', '3', '0000-00-00 00:00:00', null, null, 'FOB04', '2', 'AAAAA', '2', null, null, '0000-00-00 00:00:00', null, '0000-00-00 00:00:00');
INSERT INTO `contract` VALUES ('8a7e840159aa01770159aa3625310001', 'OOP41', 'OOP41', '0000-00-00 00:00:00', 'OOP41', 'OOP41', 'OOP41', '0', 'OOP41', 'OOP41', '0000-00-00 00:00:00', '3', '0000-00-00 00:00:00', null, null, 'FOB', '2', 'OOP41', '0', '6424df15-963c-4218-8371-6ad000ef5a5a', 'aeb1c7d3-9a54-4f73-b0ec-0325b83aef45', '0000-00-00 00:00:00', null, '0000-00-00 00:00:00');
INSERT INTO `contract` VALUES ('8a7e840159aa01770159aa3a8ff70002', 'OOP4102', 'OOP4102', '0000-00-00 00:00:00', 'OOP4102', 'OOP4102', 'OOP4102', '0', 'OOP4102', 'OOP4102', '0000-00-00 00:00:00', '3', '0000-00-00 00:00:00', null, null, 'FOB', '2', 'OOP4102', '0', '6424df15-963c-4218-8371-6ad000ef5a5a', 'aeb1c7d3-9a54-4f73-b0ec-0325b83aef45', '0000-00-00 00:00:00', null, '0000-00-00 00:00:00');
INSERT INTO `contract` VALUES ('8a7e840159aa01770159aa3b43170003', 'AOP41', 'AOP41', '0000-00-00 00:00:00', 'AOP41', 'AOP41', 'AOP41', '0', 'AOP41', 'AOP41', '0000-00-00 00:00:00', '3', '0000-00-00 00:00:00', null, null, 'FOB', '2', 'AOP41', '0', '6764e5a1-45e5-4229-a72a-7c5d72209b15', 'aeb1c7d3-9a54-4f73-b0ec-0325b83aef45', '0000-00-00 00:00:00', null, '0000-00-00 00:00:00');
INSERT INTO `contract` VALUES ('8a7e81ec5ac06f0d015ac06fbb850000', 'sz059', 'sz052', '0000-00-00 00:00:00', 'sz053', 'sz058', 'sz054', '1200', 'sz056', 'sz051', '0000-00-00 00:00:00', '3', '0000-00-00 00:00:00', null, null, 'FOB5', '2', 'sz057', '0', null, null, '0000-00-00 00:00:00', null, '0000-00-00 00:00:00');
INSERT INTO `contract` VALUES ('8a7e84fc587a6c8501587a6d3ed70000', 'JK359', 'JK352', '0000-00-00 00:00:00', 'JK353', 'JK358', 'JK354', '600', 'JK356', 'JK351', '0000-00-00 00:00:00', '3', '0000-00-00 00:00:00', null, null, 'FOB5', '2', 'JK357', '1', null, null, '0000-00-00 00:00:00', null, '0000-00-00 00:00:00');
INSERT INTO `contract` VALUES ('8a7e84175884728c0158848d37230000', 'OOP001', 'OOP001', '0000-00-00 00:00:00', 'OOP001', 'OOP001', 'OOP001', '0', 'OOP001', 'OOP001', '0000-00-00 00:00:00', '3', '0000-00-00 00:00:00', null, null, 'FOB', '2', 'OOP001', '0', null, null, '0000-00-00 00:00:00', null, '0000-00-00 00:00:00');
INSERT INTO `contract` VALUES ('8a7e84175884728c0158848fffa50001', 'OOP002', 'OOP002', '0000-00-00 00:00:00', 'OOP002', 'OOP002', 'OOP002', '0', 'OOP002', 'OOP002', '0000-00-00 00:00:00', '3', '0000-00-00 00:00:00', null, null, 'FOB', '2', 'OOP002', '0', '6424df15-963c-4218-8371-6ad000ef5a5a', 'aeb1c7d3-9a54-4f73-b0ec-0325b83aef45', '0000-00-00 00:00:00', null, '0000-00-00 00:00:00');
INSERT INTO `contract` VALUES ('8a7e8419593ddcf901593e0b20ed0000', 'OOP232', 'OOP232', '0000-00-00 00:00:00', 'OOP232', 'OOP232', 'OOP232', '0', 'OOP232', 'OOP232', '0000-00-00 00:00:00', '3', '0000-00-00 00:00:00', null, null, 'FOB', '2', 'OOP232', '0', '6424df15-963c-4218-8371-6ad000ef5a5a', 'aeb1c7d3-9a54-4f73-b0ec-0325b83aef45', '0000-00-00 00:00:00', null, '0000-00-00 00:00:00');
INSERT INTO `contract` VALUES ('8a7e8419593e0df101593e0f81780000', 'OOP23201', 'OOP23201', '0000-00-00 00:00:00', 'OOP23201', 'OOP23201', 'OOP23201', '0', 'OOP23201', 'OOP23201', '0000-00-00 00:00:00', '3', '0000-00-00 00:00:00', null, null, 'FOB', '2', 'OOP23201', '0', '6424df15-963c-4218-8371-6ad000ef5a5a', 'aeb1c7d3-9a54-4f73-b0ec-0325b83aef45', '0000-00-00 00:00:00', null, '0000-00-00 00:00:00');
INSERT INTO `contract` VALUES ('8a7e8419593e0df101593e10341b0001', 'AOP232', 'AOP232', '0000-00-00 00:00:00', 'AOP232', 'AOP232', 'AOP232', '0', 'AOP232', 'AOP232', '0000-00-00 00:00:00', '3', '0000-00-00 00:00:00', null, null, 'FOB', '2', 'AOP232', '0', '6764e5a1-45e5-4229-a72a-7c5d72209b15', 'aeb1c7d3-9a54-4f73-b0ec-0325b83aef45', '0000-00-00 00:00:00', null, '0000-00-00 00:00:00');
INSERT INTO `contract` VALUES ('4028817a3357462e0133591b86ec0002', '陕西杰信商务发展有限公司', 'C/3817/11', '0000-00-00 00:00:00', '杨丽', null, '吕晓波', '3859', '★   产品与封样无明显差异，唛头、标签及包装质量务必符合公司要求。 \r\n ★★  产品生成前期、中期、后期抽验率不得少于10%，质量和封样一致， \r\n       并将验货照片传回公司。 \r\n★★★ 重点客人的质量标准检验，产品抽验率不得少于50%，务必做到入箱前检查。 \r\n 交期：2011年12月15日/工厂,没有经过我司同意无故延期交货造成严重后果的，按照客人的相关要求处理。 \r\n 开票：出货后请将增值税发票、验货报告、合同复印件及出库单一并寄至我司，以便我司安排付款。', 'BEAKIE LEE', '0000-00-00 00:00:00', '1', '0000-00-00 00:00:00', null, null, null, '2', null, '2', null, null, '0000-00-00 00:00:00', null, '0000-00-00 00:00:00');
INSERT INTO `contract` VALUES ('4028817a3357462e01336cc0877b0010', '陕西杰信商务发展有限公司', '11JK1080', '0000-00-00 00:00:00', '杨丽', null, '吕晓波', '2318', '★   产品与封样无明显差异，唛头、标签及包装质量务必符合公司要求。 \r\n ★★  产品生成前期、中期、后期抽验率不得少于10%，质量和封样一致， \r\n       并将验货照片传回公司。 \r\n★★★ 重点客人的质量标准检验，产品抽验率不得少于50%，务必做到入箱前检查。 \r\n 交期：2011年12月10日/工厂。毛坯送至祁县瑞成玻璃镀膜厂。 \r\n       没有经过我司同意无故延期交货造成严重后果的，按照客人的相关要求处理。 \r\n 开票：出货后请将增值税发票、验货报告、合同复印件及出库单一并寄至我司，以便我司安排付款。', null, '0000-00-00 00:00:00', '3', '0000-00-00 00:00:00', null, null, null, '1', '待样品确认后方可安排生产', '2', null, null, '0000-00-00 00:00:00', null, '0000-00-00 00:00:00');
INSERT INTO `contract` VALUES ('4028817a3357462e01336d3a0be10014', '陕西杰信商务发展有限公司', '11JK1078', '0000-00-00 00:00:00', '杨丽', null, '李春光', '54120', '★   产品与封样无明显差异，唛头、标签及包装质量务必符合公司要求。 \r\n ★★  产品生成前期、中期、后期抽验率不得少于10%，质量和封样一致， \r\n       并将验货照片传回公司。 \r\n★★★ 重点客人的质量标准检验，产品抽验率不得少于50%，务必做到入箱前检查。 \r\n 交期：2011年11月15日/工厂。 \r\n       没有经过我司同意无故延期交货造成严重后果的，按照客人的相关要求处理。 \r\n 开票：出货后请将增值税发票、验货报告、合同复印件及出库单一并寄至我司，以便我司安排付款。', null, '0000-00-00 00:00:00', '3', '0000-00-00 00:00:00', null, null, null, '2', null, '2', null, null, '0000-00-00 00:00:00', null, '0000-00-00 00:00:00');
INSERT INTO `contract` VALUES ('4028817a3357462e01336d523195001a', '陕西杰信商务发展有限公司', 'C/3847/11', '0000-00-00 00:00:00', '杨丽', null, '李春光', '39240', '★   产品与封样无明显差异，唛头、标签及包装质量务必符合公司要求。 \r\n ★★  产品生成前期、中期、后期抽验率不得少于10%，质量和封样一致， \r\n       并将验货照片传回公司。 \r\n★★★ 重点客人的质量标准检验，产品抽验率不得少于50%，务必做到入箱前检查。\r\n 交期：2011年12月15日/工厂。 \r\n       没有经过我司同意无故延期交货造成严重后果的，按照客人的相关要求处理。 \r\n 开票：出货后请将增值税发票、验货报告、合同复印件及出库单一并寄至我司，以便我司安排付款。', 'HOME', '0000-00-00 00:00:00', '3', '0000-00-00 00:00:00', null, null, null, '2', null, '2', null, null, '0000-00-00 00:00:00', null, '0000-00-00 00:00:00');
INSERT INTO `contract` VALUES ('4028817a33812ffd0133813f25940001', '陕西杰信商务发展有限公司', 'C/3861/11', '0000-00-00 00:00:00', '杨丽', null, '吕晓波', '165378', '★   产品与封样无明显差异，唛头、标签及包装质量务必符合公司要求。 \r\n ★★  产品生产前期、中期、后期抽验率不得少于10%，质量和封样一致， \r\n       并将验货照片传回公司。 \r\n★★★ 重点客人的质量标准检验，产品抽验率不得少于50%，务必做到入箱前检查。 \r\n 包装：产品用白纸，瓦楞纸，气泡纸包裹后入内盒，大箱，大箱用胶带纸工字封口；\r\n 交期：2012年1月10日/工厂。 \r\n       没有经过我司同意无故延期交货造成严重后果的，按照客人的相关要求处理。 \r\n 开票：出货后请将增值税发票、验货报告、合同复印件及出库单一并寄至我司，以便我司安排付款。', 'HOME', '0000-00-00 00:00:00', '3', '0000-00-00 00:00:00', null, null, null, '2', null, '2', null, null, '0000-00-00 00:00:00', null, '0000-00-00 00:00:00');
INSERT INTO `contract` VALUES ('4028817a33812ffd013382048ff80024', '陕西杰信商务发展有限公司', '11JK1082', '0000-00-00 00:00:00', '杨丽', null, '李春光', '12300', '★   产品与封样无明显差异，唛头、标签及包装质量务必符合公司要求。 \r\n ★★  产品生成前期、中期、后期抽验率不得少于10%，质量和封样一致， \r\n       并将验货照片传回公司。 \r\n★★★ 重点客人的质量标准检验，产品抽验率不得少于50%，务必做到入箱前检查。 \r\n 包装：产品用白纸，瓦楞纸，气泡纸包裹后入内盒，大箱，大箱用胶带纸工字封口；\r\n 交期：2011年12月30日/工厂。  \r\n       没有经过我司同意无故延期交货造成严重后果的，按照客人的相关要求处理。 \r\n 开票：出货后请将增值税发票、验货报告、合同复印件及出库单一并寄至我司，以便我司安排付款。', 'MSA', '0000-00-00 00:00:00', '3', '0000-00-00 00:00:00', null, null, null, '2', null, '2', null, null, '0000-00-00 00:00:00', null, '0000-00-00 00:00:00');
INSERT INTO `contract` VALUES ('4028817a33812ffd0133821a8eb5002b', '陕西杰信商务发展有限公司', '11JK1084', '0000-00-00 00:00:00', '杨丽', null, '李春光', '10936', '★   产品与封样无明显差异，唛头、标签及包装质量务必符合公司要求。 \r\n ★★  产品生成前期、中期、后期抽验率不得少于10%，质量和封样一致， \r\n       并将验货照片传回公司。 \r\n★★★ 重点客人的质量标准检验，产品抽验率不得少于50%，务必做到入箱前检查。 \r\n 交期：2011年12月20日/工厂。毛坯送至祁县瑞成玻璃镀膜厂。 \r\n       没有经过我司同意无故延期交货造成严重后果的，按照客人的相关要求处理。 \r\n 开票：出货后请将增值税发票、验货报告、合同复印件及出库单一并寄至我司，以便我司安排付款。', 'ONE WORLD', '0000-00-00 00:00:00', '3', '0000-00-00 00:00:00', null, null, null, '2', null, '2', null, null, '0000-00-00 00:00:00', null, '0000-00-00 00:00:00');
INSERT INTO `contract` VALUES ('4028817a33d4f8b40133d9878e88000d', '陕西杰信商务发展有限公司', '11JK1070', '0000-00-00 00:00:00', '杨丽', null, null, '38612', '★   产品与封样无明显差异，唛头、标签及包装质量务必符合公司要求。 \r\n ★★  产品生成前期、中期、后期抽验率不得少于10%，质量和封样一致， \r\n       并将验货照片传回公司。 \r\n★★★ 重点客人的质量标准检验，产品抽验率不得少于50%，务必做到入箱前检查。 \r\n 交期：2011年11月5日/工厂。 \r\n       没有经过我司同意无故延期交货造成严重后果的，按照客人的相关要求处理。 \r\n 开票：出货后请将增值税发票、验货报告、合同复印件及出库单一并寄至我司，以便我司安排付款。', null, '0000-00-00 00:00:00', '3', '0000-00-00 00:00:00', null, null, null, '2', null, '2', null, null, '0000-00-00 00:00:00', null, '0000-00-00 00:00:00');
INSERT INTO `contract` VALUES ('4028817a33d4f8b40133d991a50d0019', '陕西杰信商务发展有限公司', '11JK1066', '0000-00-00 00:00:00', '杨丽', null, '李春光', '146184', '★   产品与封样无明显差异，唛头、标签及包装质量务必符合公司要求。 \r\n ★★  产品生成前期、中期、后期抽验率不得少于10%，质量和封样一致， \r\n       并将验货照片传回公司。 \r\n★★★ 重点客人的质量标准检验，产品抽验率不得少于50%，务必做到入箱前检查。 \r\n 交期：2011年12月5日/工厂。\r\n       没有经过我司同意无故延期交货造成严重后果的，按照客人的相关要求处理。 \r\n 开票：出货后请将增值税发票、验货报告、合同复印件及出库单一并寄至我司，以便我司安排付款。', null, '0000-00-00 00:00:00', '3', '0000-00-00 00:00:00', null, null, null, '2', '待样品确认后方可安排生产', '0', null, null, '0000-00-00 00:00:00', null, '0000-00-00 00:00:00');
INSERT INTO `contract` VALUES ('4028817a33d4f8b40133d9bea39b002f', '陕西杰信商务发展有限公司', '11JK1060', '0000-00-00 00:00:00', '杨丽', null, null, '152072', '★   产品与封样无明显差异，唛头、标签及包装质量务必符合公司要求。 \r\n ★★  产品生成前期、中期、后期抽验率不得少于10%，质量和封样一致， \r\n       并将验货照片传回公司。 \r\n★★★ 重点客人的质量标准检验，产品抽验率不得少于50%，务必做到入箱前检查。 \r\n 交期：2011年12月15日/工厂。\r\n       没有经过我司同意无故延期交货造成严重后果的，按照客人的相关要求处理。 \r\n 开票：出货后请将增值税发票、验货报告、合同复印件及出库单一并寄至我司，以便我司安排付款。', 'COACH HOUSE', '0000-00-00 00:00:00', '3', '0000-00-00 00:00:00', null, null, null, '2', null, '0', null, null, '0000-00-00 00:00:00', null, '0000-00-00 00:00:00');
INSERT INTO `contract` VALUES ('2c90c5004ad63735014ad6d204060005', null, '合同号：B', null, null, null, null, '0', null, '客户名称B', '0000-00-00 00:00:00', '3', '0000-00-00 00:00:00', null, null, null, '2', null, '2', 'e041f064-b115-4e19-b76e-b515d1fc1fa9', 'aeb1c7d3-9a54-4f73-b0ec-0325b83aef45', '0000-00-00 00:00:00', null, '0000-00-00 00:00:00');
INSERT INTO `contract` VALUES ('4028817a33fc4e280133fd81e7d7001d', '陕西杰信商务发展有限公司', '11JK1068', '0000-00-00 00:00:00', '杨丽', null, null, '102712', '★   产品与封样无明显差异，唛头、标签及包装质量务必符合公司要求。 \r\n ★★  产品生产前期、中期、后期抽验率不得少于10%，质量和封样一致， \r\n       并将验货照片传回公司。 \r\n★★★ 重点客人的质量标准检验，产品抽验率不得少于50%，务必做到入箱前检查。 \r\n 交期：2011年12月15日/工厂。\r\n       没有经过我司同意无故延期交货造成严重后果的，按照客人的相关要求处理。 \r\n 开票：出货后请将增值税发票、验货报告、合同复印件及出库单一并寄至我司，以便我司安排付款。', 'ELAD', '0000-00-00 00:00:00', '3', '0000-00-00 00:00:00', null, null, null, '2', null, '0', null, null, '0000-00-00 00:00:00', null, '0000-00-00 00:00:00');
INSERT INTO `contract` VALUES ('4028817a33fc4e280133fd9f8b4e002f', '陕西杰信商务发展有限公司', '11JK1072', '0000-00-00 00:00:00', '杨丽', null, null, '99918', '★   产品与封样无明显差异，唛头、标签及包装质量务必符合公司要求。 \r\n ★★  产品生产前期、中期、后期抽验率不得少于10%，质量和封样一致， \r\n       并将验货照片传回公司。 \r\n★★★ 重点客人的质量标准检验，产品抽验率不得少于50%，务必做到入箱前检查。 \r\n 交期：2011年12月15日/工厂。\r\n       没有经过我司同意无故延期交货造成严重后果的，按照客人的相关要求处理。 \r\n 开票：出货后请将增值税发票、验货报告、合同复印件及出库单一并寄至我司，以便我司安排付款。', 'BRISSI', '0000-00-00 00:00:00', '3', '0000-00-00 00:00:00', null, null, null, '2', null, '2', null, null, '0000-00-00 00:00:00', null, '0000-00-00 00:00:00');
INSERT INTO `contract` VALUES ('4028817a3420e78a013421a693730001', '陕西杰信商务发展有限公司', 'C/4040/11', '0000-00-00 00:00:00', '杨丽', null, '李春光', '114640', '★   产品与封样无明显差异，唛头、标签及包装质量务必符合公司要求。 \r\n ★★  产品生产前期、中期、后期抽验率不得少于10%，质量和封样一致， \r\n       并将验货照片传回公司。 \r\n★★★ 重点客人的质量标准检验，产品抽验率不得少于50%，务必做到入箱前检查。 \r\n 交期：2012年2月15日/工厂。\r\n       没有经过我司同意无故延期交货造成严重后果的，按照客人的相关要求处理。 \r\n 开票：出货后请将增值税发票、验货报告、合同复印件及出库单一并寄至我司，以便我司安排付款。', 'HOME', '0000-00-00 00:00:00', '1', '0000-00-00 00:00:00', null, null, null, '2', null, '2', null, null, '0000-00-00 00:00:00', null, '0000-00-00 00:00:00');
INSERT INTO `contract` VALUES ('8a7e81015acf673a015acf6dc97e0000', 'AOP05', 'AOP05', '0000-00-00 00:00:00', 'AOP05', 'AOP05', 'AOP05', '0', 'AOP05', 'AOP05', '0000-00-00 00:00:00', '3', '0000-00-00 00:00:00', null, null, 'FOB', '2', 'AOP05', '1', '6764e5a1-45e5-4229-a72a-7c5d72209b15', 'aeb1c7d3-9a54-4f73-b0ec-0325b83aef45', '0000-00-00 00:00:00', null, '0000-00-00 00:00:00');
INSERT INTO `contract` VALUES ('8a7e84215827fe1b015828058c360001', 'AOP', 'AOP', '0000-00-00 00:00:00', 'AOP', 'AOPAOP', 'AOP', '0', 'AOP', 'AOP', '0000-00-00 00:00:00', '3', '0000-00-00 00:00:00', null, null, 'L/C', '2', 'AOP', '1', '6764e5a1-45e5-4229-a72a-7c5d72209b15', 'aeb1c7d3-9a54-4f73-b0ec-0325b83aef45', '0000-00-00 00:00:00', null, '0000-00-00 00:00:00');
INSERT INTO `contract` VALUES ('8a7e845158dc48ec0158dc49ce140000', 'WWWW', 'C34543543', '0000-00-00 00:00:00', 'YYYYY02', 'QQQQ', 'ZZZZ03', '900', 'SSSS05', 'XXXX01', '0000-00-00 00:00:00', '3', '0000-00-00 00:00:00', null, null, 'FOB04', '2', 'AAAAA', '2', null, null, '0000-00-00 00:00:00', null, '0000-00-00 00:00:00');
INSERT INTO `contract` VALUES ('8a7e840159aa01770159aa3625310001', 'OOP41', 'OOP41', '0000-00-00 00:00:00', 'OOP41', 'OOP41', 'OOP41', '0', 'OOP41', 'OOP41', '0000-00-00 00:00:00', '3', '0000-00-00 00:00:00', null, null, 'FOB', '2', 'OOP41', '0', '6424df15-963c-4218-8371-6ad000ef5a5a', 'aeb1c7d3-9a54-4f73-b0ec-0325b83aef45', '0000-00-00 00:00:00', null, '0000-00-00 00:00:00');
INSERT INTO `contract` VALUES ('8a7e840159aa01770159aa3a8ff70002', 'OOP4102', 'OOP4102', '0000-00-00 00:00:00', 'OOP4102', 'OOP4102', 'OOP4102', '0', 'OOP4102', 'OOP4102', '0000-00-00 00:00:00', '3', '0000-00-00 00:00:00', null, null, 'FOB', '2', 'OOP4102', '0', '6424df15-963c-4218-8371-6ad000ef5a5a', 'aeb1c7d3-9a54-4f73-b0ec-0325b83aef45', '0000-00-00 00:00:00', null, '0000-00-00 00:00:00');
INSERT INTO `contract` VALUES ('8a7e840159aa01770159aa3b43170003', 'AOP41', 'AOP41', '0000-00-00 00:00:00', 'AOP41', 'AOP41', 'AOP41', '0', 'AOP41', 'AOP41', '0000-00-00 00:00:00', '3', '0000-00-00 00:00:00', null, null, 'FOB', '2', 'AOP41', '0', '6764e5a1-45e5-4229-a72a-7c5d72209b15', 'aeb1c7d3-9a54-4f73-b0ec-0325b83aef45', '0000-00-00 00:00:00', null, '0000-00-00 00:00:00');
INSERT INTO `contract` VALUES ('8a7e81ec5ac06f0d015ac06fbb850000', 'sz059', 'sz052', '0000-00-00 00:00:00', 'sz053', 'sz058', 'sz054', '1200', 'sz056', 'sz051', '0000-00-00 00:00:00', '3', '0000-00-00 00:00:00', null, null, 'FOB5', '2', 'sz057', '0', null, null, '0000-00-00 00:00:00', null, '0000-00-00 00:00:00');
INSERT INTO `contract` VALUES ('8a7e84fc587a6c8501587a6d3ed70000', 'JK359', 'JK352', '0000-00-00 00:00:00', 'JK353', 'JK358', 'JK354', '600', 'JK356', 'JK351', '0000-00-00 00:00:00', '3', '0000-00-00 00:00:00', null, null, 'FOB5', '2', 'JK357', '1', null, null, '0000-00-00 00:00:00', null, '0000-00-00 00:00:00');
INSERT INTO `contract` VALUES ('8a7e84175884728c0158848d37230000', 'OOP001', 'OOP001', '0000-00-00 00:00:00', 'OOP001', 'OOP001', 'OOP001', '0', 'OOP001', 'OOP001', '0000-00-00 00:00:00', '3', '0000-00-00 00:00:00', null, null, 'FOB', '2', 'OOP001', '0', null, null, '0000-00-00 00:00:00', null, '0000-00-00 00:00:00');
INSERT INTO `contract` VALUES ('8a7e84175884728c0158848fffa50001', 'OOP002', 'OOP002', '0000-00-00 00:00:00', 'OOP002', 'OOP002', 'OOP002', '0', 'OOP002', 'OOP002', '0000-00-00 00:00:00', '3', '0000-00-00 00:00:00', null, null, 'FOB', '2', 'OOP002', '0', '6424df15-963c-4218-8371-6ad000ef5a5a', 'aeb1c7d3-9a54-4f73-b0ec-0325b83aef45', '0000-00-00 00:00:00', null, '0000-00-00 00:00:00');
INSERT INTO `contract` VALUES ('8a7e8419593ddcf901593e0b20ed0000', 'OOP232', 'OOP232', '0000-00-00 00:00:00', 'OOP232', 'OOP232', 'OOP232', '0', 'OOP232', 'OOP232', '0000-00-00 00:00:00', '3', '0000-00-00 00:00:00', null, null, 'FOB', '2', 'OOP232', '0', '6424df15-963c-4218-8371-6ad000ef5a5a', 'aeb1c7d3-9a54-4f73-b0ec-0325b83aef45', '0000-00-00 00:00:00', null, '0000-00-00 00:00:00');
INSERT INTO `contract` VALUES ('8a7e8419593e0df101593e0f81780000', 'OOP23201', 'OOP23201', '0000-00-00 00:00:00', 'OOP23201', 'OOP23201', 'OOP23201', '0', 'OOP23201', 'OOP23201', '0000-00-00 00:00:00', '3', '0000-00-00 00:00:00', null, null, 'FOB', '2', 'OOP23201', '0', '6424df15-963c-4218-8371-6ad000ef5a5a', 'aeb1c7d3-9a54-4f73-b0ec-0325b83aef45', '0000-00-00 00:00:00', null, '0000-00-00 00:00:00');
INSERT INTO `contract` VALUES ('8a7e8419593e0df101593e10341b0001', 'AOP232', 'AOP232', '0000-00-00 00:00:00', 'AOP232', 'AOP232', 'AOP232', '0', 'AOP232', 'AOP232', '0000-00-00 00:00:00', '3', '0000-00-00 00:00:00', null, null, 'FOB', '2', 'AOP232', '0', '6764e5a1-45e5-4229-a72a-7c5d72209b15', 'aeb1c7d3-9a54-4f73-b0ec-0325b83aef45', '0000-00-00 00:00:00', null, '0000-00-00 00:00:00');
INSERT INTO `contract` VALUES ('4028817a3357462e0133591b86ec0002', '陕西杰信商务发展有限公司', 'C/3817/11', '0000-00-00 00:00:00', '杨丽', null, '吕晓波', '3859', '★   产品与封样无明显差异，唛头、标签及包装质量务必符合公司要求。 \r\n ★★  产品生成前期、中期、后期抽验率不得少于10%，质量和封样一致， \r\n       并将验货照片传回公司。 \r\n★★★ 重点客人的质量标准检验，产品抽验率不得少于50%，务必做到入箱前检查。 \r\n 交期：2011年12月15日/工厂,没有经过我司同意无故延期交货造成严重后果的，按照客人的相关要求处理。 \r\n 开票：出货后请将增值税发票、验货报告、合同复印件及出库单一并寄至我司，以便我司安排付款。', 'BEAKIE LEE', '0000-00-00 00:00:00', '1', '0000-00-00 00:00:00', null, null, null, '2', null, '2', null, null, '0000-00-00 00:00:00', null, '0000-00-00 00:00:00');
INSERT INTO `contract` VALUES ('4028817a3357462e01336cc0877b0010', '陕西杰信商务发展有限公司', '11JK1080', '0000-00-00 00:00:00', '杨丽', null, '吕晓波', '2318', '★   产品与封样无明显差异，唛头、标签及包装质量务必符合公司要求。 \r\n ★★  产品生成前期、中期、后期抽验率不得少于10%，质量和封样一致， \r\n       并将验货照片传回公司。 \r\n★★★ 重点客人的质量标准检验，产品抽验率不得少于50%，务必做到入箱前检查。 \r\n 交期：2011年12月10日/工厂。毛坯送至祁县瑞成玻璃镀膜厂。 \r\n       没有经过我司同意无故延期交货造成严重后果的，按照客人的相关要求处理。 \r\n 开票：出货后请将增值税发票、验货报告、合同复印件及出库单一并寄至我司，以便我司安排付款。', null, '0000-00-00 00:00:00', '3', '0000-00-00 00:00:00', null, null, null, '1', '待样品确认后方可安排生产', '2', null, null, '0000-00-00 00:00:00', null, '0000-00-00 00:00:00');
INSERT INTO `contract` VALUES ('4028817a3357462e01336d3a0be10014', '陕西杰信商务发展有限公司', '11JK1078', '0000-00-00 00:00:00', '杨丽', null, '李春光', '54120', '★   产品与封样无明显差异，唛头、标签及包装质量务必符合公司要求。 \r\n ★★  产品生成前期、中期、后期抽验率不得少于10%，质量和封样一致， \r\n       并将验货照片传回公司。 \r\n★★★ 重点客人的质量标准检验，产品抽验率不得少于50%，务必做到入箱前检查。 \r\n 交期：2011年11月15日/工厂。 \r\n       没有经过我司同意无故延期交货造成严重后果的，按照客人的相关要求处理。 \r\n 开票：出货后请将增值税发票、验货报告、合同复印件及出库单一并寄至我司，以便我司安排付款。', null, '0000-00-00 00:00:00', '3', '0000-00-00 00:00:00', null, null, null, '2', null, '2', null, null, '0000-00-00 00:00:00', null, '0000-00-00 00:00:00');
INSERT INTO `contract` VALUES ('4028817a3357462e01336d523195001a', '陕西杰信商务发展有限公司', 'C/3847/11', '0000-00-00 00:00:00', '杨丽', null, '李春光', '39240', '★   产品与封样无明显差异，唛头、标签及包装质量务必符合公司要求。 \r\n ★★  产品生成前期、中期、后期抽验率不得少于10%，质量和封样一致， \r\n       并将验货照片传回公司。 \r\n★★★ 重点客人的质量标准检验，产品抽验率不得少于50%，务必做到入箱前检查。\r\n 交期：2011年12月15日/工厂。 \r\n       没有经过我司同意无故延期交货造成严重后果的，按照客人的相关要求处理。 \r\n 开票：出货后请将增值税发票、验货报告、合同复印件及出库单一并寄至我司，以便我司安排付款。', 'HOME', '0000-00-00 00:00:00', '3', '0000-00-00 00:00:00', null, null, null, '2', null, '2', null, null, '0000-00-00 00:00:00', null, '0000-00-00 00:00:00');
INSERT INTO `contract` VALUES ('4028817a33812ffd0133813f25940001', '陕西杰信商务发展有限公司', 'C/3861/11', '0000-00-00 00:00:00', '杨丽', null, '吕晓波', '165378', '★   产品与封样无明显差异，唛头、标签及包装质量务必符合公司要求。 \r\n ★★  产品生产前期、中期、后期抽验率不得少于10%，质量和封样一致， \r\n       并将验货照片传回公司。 \r\n★★★ 重点客人的质量标准检验，产品抽验率不得少于50%，务必做到入箱前检查。 \r\n 包装：产品用白纸，瓦楞纸，气泡纸包裹后入内盒，大箱，大箱用胶带纸工字封口；\r\n 交期：2012年1月10日/工厂。 \r\n       没有经过我司同意无故延期交货造成严重后果的，按照客人的相关要求处理。 \r\n 开票：出货后请将增值税发票、验货报告、合同复印件及出库单一并寄至我司，以便我司安排付款。', 'HOME', '0000-00-00 00:00:00', '3', '0000-00-00 00:00:00', null, null, null, '2', null, '2', null, null, '0000-00-00 00:00:00', null, '0000-00-00 00:00:00');
INSERT INTO `contract` VALUES ('4028817a33812ffd013382048ff80024', '陕西杰信商务发展有限公司', '11JK1082', '0000-00-00 00:00:00', '杨丽', null, '李春光', '12300', '★   产品与封样无明显差异，唛头、标签及包装质量务必符合公司要求。 \r\n ★★  产品生成前期、中期、后期抽验率不得少于10%，质量和封样一致， \r\n       并将验货照片传回公司。 \r\n★★★ 重点客人的质量标准检验，产品抽验率不得少于50%，务必做到入箱前检查。 \r\n 包装：产品用白纸，瓦楞纸，气泡纸包裹后入内盒，大箱，大箱用胶带纸工字封口；\r\n 交期：2011年12月30日/工厂。  \r\n       没有经过我司同意无故延期交货造成严重后果的，按照客人的相关要求处理。 \r\n 开票：出货后请将增值税发票、验货报告、合同复印件及出库单一并寄至我司，以便我司安排付款。', 'MSA', '0000-00-00 00:00:00', '3', '0000-00-00 00:00:00', null, null, null, '2', null, '2', null, null, '0000-00-00 00:00:00', null, '0000-00-00 00:00:00');
INSERT INTO `contract` VALUES ('4028817a33812ffd0133821a8eb5002b', '陕西杰信商务发展有限公司', '11JK1084', '0000-00-00 00:00:00', '杨丽', null, '李春光', '10936', '★   产品与封样无明显差异，唛头、标签及包装质量务必符合公司要求。 \r\n ★★  产品生成前期、中期、后期抽验率不得少于10%，质量和封样一致， \r\n       并将验货照片传回公司。 \r\n★★★ 重点客人的质量标准检验，产品抽验率不得少于50%，务必做到入箱前检查。 \r\n 交期：2011年12月20日/工厂。毛坯送至祁县瑞成玻璃镀膜厂。 \r\n       没有经过我司同意无故延期交货造成严重后果的，按照客人的相关要求处理。 \r\n 开票：出货后请将增值税发票、验货报告、合同复印件及出库单一并寄至我司，以便我司安排付款。', 'ONE WORLD', '0000-00-00 00:00:00', '3', '0000-00-00 00:00:00', null, null, null, '2', null, '2', null, null, '0000-00-00 00:00:00', null, '0000-00-00 00:00:00');
INSERT INTO `contract` VALUES ('4028817a33d4f8b40133d9878e88000d', '陕西杰信商务发展有限公司', '11JK1070', '0000-00-00 00:00:00', '杨丽', null, null, '38612', '★   产品与封样无明显差异，唛头、标签及包装质量务必符合公司要求。 \r\n ★★  产品生成前期、中期、后期抽验率不得少于10%，质量和封样一致， \r\n       并将验货照片传回公司。 \r\n★★★ 重点客人的质量标准检验，产品抽验率不得少于50%，务必做到入箱前检查。 \r\n 交期：2011年11月5日/工厂。 \r\n       没有经过我司同意无故延期交货造成严重后果的，按照客人的相关要求处理。 \r\n 开票：出货后请将增值税发票、验货报告、合同复印件及出库单一并寄至我司，以便我司安排付款。', null, '0000-00-00 00:00:00', '3', '0000-00-00 00:00:00', null, null, null, '2', null, '2', null, null, '0000-00-00 00:00:00', null, '0000-00-00 00:00:00');
INSERT INTO `contract` VALUES ('4028817a33d4f8b40133d991a50d0019', '陕西杰信商务发展有限公司', '11JK1066', '0000-00-00 00:00:00', '杨丽', null, '李春光', '146184', '★   产品与封样无明显差异，唛头、标签及包装质量务必符合公司要求。 \r\n ★★  产品生成前期、中期、后期抽验率不得少于10%，质量和封样一致， \r\n       并将验货照片传回公司。 \r\n★★★ 重点客人的质量标准检验，产品抽验率不得少于50%，务必做到入箱前检查。 \r\n 交期：2011年12月5日/工厂。\r\n       没有经过我司同意无故延期交货造成严重后果的，按照客人的相关要求处理。 \r\n 开票：出货后请将增值税发票、验货报告、合同复印件及出库单一并寄至我司，以便我司安排付款。', null, '0000-00-00 00:00:00', '3', '0000-00-00 00:00:00', null, null, null, '2', '待样品确认后方可安排生产', '0', null, null, '0000-00-00 00:00:00', null, '0000-00-00 00:00:00');
INSERT INTO `contract` VALUES ('4028817a33d4f8b40133d9bea39b002f', '陕西杰信商务发展有限公司', '11JK1060', '0000-00-00 00:00:00', '杨丽', null, null, '152072', '★   产品与封样无明显差异，唛头、标签及包装质量务必符合公司要求。 \r\n ★★  产品生成前期、中期、后期抽验率不得少于10%，质量和封样一致， \r\n       并将验货照片传回公司。 \r\n★★★ 重点客人的质量标准检验，产品抽验率不得少于50%，务必做到入箱前检查。 \r\n 交期：2011年12月15日/工厂。\r\n       没有经过我司同意无故延期交货造成严重后果的，按照客人的相关要求处理。 \r\n 开票：出货后请将增值税发票、验货报告、合同复印件及出库单一并寄至我司，以便我司安排付款。', 'COACH HOUSE', '0000-00-00 00:00:00', '3', '0000-00-00 00:00:00', null, null, null, '2', null, '0', null, null, '0000-00-00 00:00:00', null, '0000-00-00 00:00:00');
INSERT INTO `contract` VALUES ('2c90c5004ad63735014ad6d204060005', null, '合同号：B', null, null, null, null, '0', null, '客户名称B', '0000-00-00 00:00:00', '3', '0000-00-00 00:00:00', null, null, null, '2', null, '2', 'e041f064-b115-4e19-b76e-b515d1fc1fa9', 'aeb1c7d3-9a54-4f73-b0ec-0325b83aef45', '0000-00-00 00:00:00', null, '0000-00-00 00:00:00');
INSERT INTO `contract` VALUES ('4028817a33fc4e280133fd81e7d7001d', '陕西杰信商务发展有限公司', '11JK1068', '0000-00-00 00:00:00', '杨丽', null, null, '102712', '★   产品与封样无明显差异，唛头、标签及包装质量务必符合公司要求。 \r\n ★★  产品生产前期、中期、后期抽验率不得少于10%，质量和封样一致， \r\n       并将验货照片传回公司。 \r\n★★★ 重点客人的质量标准检验，产品抽验率不得少于50%，务必做到入箱前检查。 \r\n 交期：2011年12月15日/工厂。\r\n       没有经过我司同意无故延期交货造成严重后果的，按照客人的相关要求处理。 \r\n 开票：出货后请将增值税发票、验货报告、合同复印件及出库单一并寄至我司，以便我司安排付款。', 'ELAD', '0000-00-00 00:00:00', '3', '0000-00-00 00:00:00', null, null, null, '2', null, '0', null, null, '0000-00-00 00:00:00', null, '0000-00-00 00:00:00');
INSERT INTO `contract` VALUES ('4028817a33fc4e280133fd9f8b4e002f', '陕西杰信商务发展有限公司', '11JK1072', '0000-00-00 00:00:00', '杨丽', null, null, '99918', '★   产品与封样无明显差异，唛头、标签及包装质量务必符合公司要求。 \r\n ★★  产品生产前期、中期、后期抽验率不得少于10%，质量和封样一致， \r\n       并将验货照片传回公司。 \r\n★★★ 重点客人的质量标准检验，产品抽验率不得少于50%，务必做到入箱前检查。 \r\n 交期：2011年12月15日/工厂。\r\n       没有经过我司同意无故延期交货造成严重后果的，按照客人的相关要求处理。 \r\n 开票：出货后请将增值税发票、验货报告、合同复印件及出库单一并寄至我司，以便我司安排付款。', 'BRISSI', '0000-00-00 00:00:00', '3', '0000-00-00 00:00:00', null, null, null, '2', null, '2', null, null, '0000-00-00 00:00:00', null, '0000-00-00 00:00:00');
INSERT INTO `contract` VALUES ('4028817a3420e78a013421a693730001', '陕西杰信商务发展有限公司', 'C/4040/11', '0000-00-00 00:00:00', '杨丽', null, '李春光', '114640', '★   产品与封样无明显差异，唛头、标签及包装质量务必符合公司要求。 \r\n ★★  产品生产前期、中期、后期抽验率不得少于10%，质量和封样一致， \r\n       并将验货照片传回公司。 \r\n★★★ 重点客人的质量标准检验，产品抽验率不得少于50%，务必做到入箱前检查。 \r\n 交期：2012年2月15日/工厂。\r\n       没有经过我司同意无故延期交货造成严重后果的，按照客人的相关要求处理。 \r\n 开票：出货后请将增值税发票、验货报告、合同复印件及出库单一并寄至我司，以便我司安排付款。', 'HOME', '0000-00-00 00:00:00', '1', '0000-00-00 00:00:00', null, null, null, '2', null, '2', null, null, '0000-00-00 00:00:00', null, '0000-00-00 00:00:00');
INSERT INTO `contract` VALUES ('8a7e81015acf673a015acf6dc97e0000', 'AOP05', 'AOP05', '0000-00-00 00:00:00', 'AOP05', 'AOP05', 'AOP05', '0', 'AOP05', 'AOP05', '0000-00-00 00:00:00', '3', '0000-00-00 00:00:00', null, null, 'FOB', '2', 'AOP05', '1', '6764e5a1-45e5-4229-a72a-7c5d72209b15', 'aeb1c7d3-9a54-4f73-b0ec-0325b83aef45', '0000-00-00 00:00:00', null, '0000-00-00 00:00:00');
INSERT INTO `contract` VALUES ('8a7e84215827fe1b015828058c360001', 'AOP', 'AOP', '0000-00-00 00:00:00', 'AOP', 'AOPAOP', 'AOP', '0', 'AOP', 'AOP', '0000-00-00 00:00:00', '3', '0000-00-00 00:00:00', null, null, 'L/C', '2', 'AOP', '1', '6764e5a1-45e5-4229-a72a-7c5d72209b15', 'aeb1c7d3-9a54-4f73-b0ec-0325b83aef45', '0000-00-00 00:00:00', null, '0000-00-00 00:00:00');
INSERT INTO `contract` VALUES ('8a7e845158dc48ec0158dc49ce140000', 'WWWW', 'C34543543', '0000-00-00 00:00:00', 'YYYYY02', 'QQQQ', 'ZZZZ03', '900', 'SSSS05', 'XXXX01', '0000-00-00 00:00:00', '3', '0000-00-00 00:00:00', null, null, 'FOB04', '2', 'AAAAA', '2', null, null, '0000-00-00 00:00:00', null, '0000-00-00 00:00:00');
INSERT INTO `contract` VALUES ('8a7e840159aa01770159aa3625310001', 'OOP41', 'OOP41', '0000-00-00 00:00:00', 'OOP41', 'OOP41', 'OOP41', '0', 'OOP41', 'OOP41', '0000-00-00 00:00:00', '3', '0000-00-00 00:00:00', null, null, 'FOB', '2', 'OOP41', '0', '6424df15-963c-4218-8371-6ad000ef5a5a', 'aeb1c7d3-9a54-4f73-b0ec-0325b83aef45', '0000-00-00 00:00:00', null, '0000-00-00 00:00:00');
INSERT INTO `contract` VALUES ('8a7e840159aa01770159aa3a8ff70002', 'OOP4102', 'OOP4102', '0000-00-00 00:00:00', 'OOP4102', 'OOP4102', 'OOP4102', '0', 'OOP4102', 'OOP4102', '0000-00-00 00:00:00', '3', '0000-00-00 00:00:00', null, null, 'FOB', '2', 'OOP4102', '0', '6424df15-963c-4218-8371-6ad000ef5a5a', 'aeb1c7d3-9a54-4f73-b0ec-0325b83aef45', '0000-00-00 00:00:00', null, '0000-00-00 00:00:00');
INSERT INTO `contract` VALUES ('8a7e840159aa01770159aa3b43170003', 'AOP41', 'AOP41', '0000-00-00 00:00:00', 'AOP41', 'AOP41', 'AOP41', '0', 'AOP41', 'AOP41', '0000-00-00 00:00:00', '3', '0000-00-00 00:00:00', null, null, 'FOB', '2', 'AOP41', '0', '6764e5a1-45e5-4229-a72a-7c5d72209b15', 'aeb1c7d3-9a54-4f73-b0ec-0325b83aef45', '0000-00-00 00:00:00', null, '0000-00-00 00:00:00');
INSERT INTO `contract` VALUES ('8a7e81ec5ac06f0d015ac06fbb850000', 'sz059', 'sz052', '0000-00-00 00:00:00', 'sz053', 'sz058', 'sz054', '1200', 'sz056', 'sz051', '0000-00-00 00:00:00', '3', '0000-00-00 00:00:00', null, null, 'FOB5', '2', 'sz057', '0', null, null, '0000-00-00 00:00:00', null, '0000-00-00 00:00:00');
INSERT INTO `contract` VALUES ('8a7e84fc587a6c8501587a6d3ed70000', 'JK359', 'JK352', '0000-00-00 00:00:00', 'JK353', 'JK358', 'JK354', '600', 'JK356', 'JK351', '0000-00-00 00:00:00', '3', '0000-00-00 00:00:00', null, null, 'FOB5', '2', 'JK357', '1', null, null, '0000-00-00 00:00:00', null, '0000-00-00 00:00:00');
INSERT INTO `contract` VALUES ('8a7e84175884728c0158848d37230000', 'OOP001', 'OOP001', '0000-00-00 00:00:00', 'OOP001', 'OOP001', 'OOP001', '0', 'OOP001', 'OOP001', '0000-00-00 00:00:00', '3', '0000-00-00 00:00:00', null, null, 'FOB', '2', 'OOP001', '0', null, null, '0000-00-00 00:00:00', null, '0000-00-00 00:00:00');
INSERT INTO `contract` VALUES ('8a7e84175884728c0158848fffa50001', 'OOP002', 'OOP002', '0000-00-00 00:00:00', 'OOP002', 'OOP002', 'OOP002', '0', 'OOP002', 'OOP002', '0000-00-00 00:00:00', '3', '0000-00-00 00:00:00', null, null, 'FOB', '2', 'OOP002', '0', '6424df15-963c-4218-8371-6ad000ef5a5a', 'aeb1c7d3-9a54-4f73-b0ec-0325b83aef45', '0000-00-00 00:00:00', null, '0000-00-00 00:00:00');
INSERT INTO `contract` VALUES ('8a7e8419593ddcf901593e0b20ed0000', 'OOP232', 'OOP232', '0000-00-00 00:00:00', 'OOP232', 'OOP232', 'OOP232', '0', 'OOP232', 'OOP232', '0000-00-00 00:00:00', '3', '0000-00-00 00:00:00', null, null, 'FOB', '2', 'OOP232', '0', '6424df15-963c-4218-8371-6ad000ef5a5a', 'aeb1c7d3-9a54-4f73-b0ec-0325b83aef45', '0000-00-00 00:00:00', null, '0000-00-00 00:00:00');
INSERT INTO `contract` VALUES ('8a7e8419593e0df101593e0f81780000', 'OOP23201', 'OOP23201', '0000-00-00 00:00:00', 'OOP23201', 'OOP23201', 'OOP23201', '0', 'OOP23201', 'OOP23201', '0000-00-00 00:00:00', '3', '0000-00-00 00:00:00', null, null, 'FOB', '2', 'OOP23201', '0', '6424df15-963c-4218-8371-6ad000ef5a5a', 'aeb1c7d3-9a54-4f73-b0ec-0325b83aef45', '0000-00-00 00:00:00', null, '0000-00-00 00:00:00');
INSERT INTO `contract` VALUES ('8a7e8419593e0df101593e10341b0001', 'AOP232', 'AOP232', '0000-00-00 00:00:00', 'AOP232', 'AOP232', 'AOP232', '0', 'AOP232', 'AOP232', '0000-00-00 00:00:00', '3', '0000-00-00 00:00:00', null, null, 'FOB', '2', 'AOP232', '0', '6764e5a1-45e5-4229-a72a-7c5d72209b15', 'aeb1c7d3-9a54-4f73-b0ec-0325b83aef45', '0000-00-00 00:00:00', null, '0000-00-00 00:00:00');
INSERT INTO `contract` VALUES ('4028817a3357462e0133591b86ec0002', '陕西杰信商务发展有限公司', 'C/3817/11', '0000-00-00 00:00:00', '杨丽', null, '吕晓波', '3859', '★   产品与封样无明显差异，唛头、标签及包装质量务必符合公司要求。 \r\n ★★  产品生成前期、中期、后期抽验率不得少于10%，质量和封样一致， \r\n       并将验货照片传回公司。 \r\n★★★ 重点客人的质量标准检验，产品抽验率不得少于50%，务必做到入箱前检查。 \r\n 交期：2011年12月15日/工厂,没有经过我司同意无故延期交货造成严重后果的，按照客人的相关要求处理。 \r\n 开票：出货后请将增值税发票、验货报告、合同复印件及出库单一并寄至我司，以便我司安排付款。', 'BEAKIE LEE', '0000-00-00 00:00:00', '1', '0000-00-00 00:00:00', null, null, null, '2', null, '2', null, null, '0000-00-00 00:00:00', null, '0000-00-00 00:00:00');
INSERT INTO `contract` VALUES ('4028817a3357462e01336cc0877b0010', '陕西杰信商务发展有限公司', '11JK1080', '0000-00-00 00:00:00', '杨丽', null, '吕晓波', '2318', '★   产品与封样无明显差异，唛头、标签及包装质量务必符合公司要求。 \r\n ★★  产品生成前期、中期、后期抽验率不得少于10%，质量和封样一致， \r\n       并将验货照片传回公司。 \r\n★★★ 重点客人的质量标准检验，产品抽验率不得少于50%，务必做到入箱前检查。 \r\n 交期：2011年12月10日/工厂。毛坯送至祁县瑞成玻璃镀膜厂。 \r\n       没有经过我司同意无故延期交货造成严重后果的，按照客人的相关要求处理。 \r\n 开票：出货后请将增值税发票、验货报告、合同复印件及出库单一并寄至我司，以便我司安排付款。', null, '0000-00-00 00:00:00', '3', '0000-00-00 00:00:00', null, null, null, '1', '待样品确认后方可安排生产', '2', null, null, '0000-00-00 00:00:00', null, '0000-00-00 00:00:00');
INSERT INTO `contract` VALUES ('4028817a3357462e01336d3a0be10014', '陕西杰信商务发展有限公司', '11JK1078', '0000-00-00 00:00:00', '杨丽', null, '李春光', '54120', '★   产品与封样无明显差异，唛头、标签及包装质量务必符合公司要求。 \r\n ★★  产品生成前期、中期、后期抽验率不得少于10%，质量和封样一致， \r\n       并将验货照片传回公司。 \r\n★★★ 重点客人的质量标准检验，产品抽验率不得少于50%，务必做到入箱前检查。 \r\n 交期：2011年11月15日/工厂。 \r\n       没有经过我司同意无故延期交货造成严重后果的，按照客人的相关要求处理。 \r\n 开票：出货后请将增值税发票、验货报告、合同复印件及出库单一并寄至我司，以便我司安排付款。', null, '0000-00-00 00:00:00', '3', '0000-00-00 00:00:00', null, null, null, '2', null, '2', null, null, '0000-00-00 00:00:00', null, '0000-00-00 00:00:00');
INSERT INTO `contract` VALUES ('4028817a3357462e01336d523195001a', '陕西杰信商务发展有限公司', 'C/3847/11', '0000-00-00 00:00:00', '杨丽', null, '李春光', '39240', '★   产品与封样无明显差异，唛头、标签及包装质量务必符合公司要求。 \r\n ★★  产品生成前期、中期、后期抽验率不得少于10%，质量和封样一致， \r\n       并将验货照片传回公司。 \r\n★★★ 重点客人的质量标准检验，产品抽验率不得少于50%，务必做到入箱前检查。\r\n 交期：2011年12月15日/工厂。 \r\n       没有经过我司同意无故延期交货造成严重后果的，按照客人的相关要求处理。 \r\n 开票：出货后请将增值税发票、验货报告、合同复印件及出库单一并寄至我司，以便我司安排付款。', 'HOME', '0000-00-00 00:00:00', '3', '0000-00-00 00:00:00', null, null, null, '2', null, '2', null, null, '0000-00-00 00:00:00', null, '0000-00-00 00:00:00');
INSERT INTO `contract` VALUES ('4028817a33812ffd0133813f25940001', '陕西杰信商务发展有限公司', 'C/3861/11', '0000-00-00 00:00:00', '杨丽', null, '吕晓波', '165378', '★   产品与封样无明显差异，唛头、标签及包装质量务必符合公司要求。 \r\n ★★  产品生产前期、中期、后期抽验率不得少于10%，质量和封样一致， \r\n       并将验货照片传回公司。 \r\n★★★ 重点客人的质量标准检验，产品抽验率不得少于50%，务必做到入箱前检查。 \r\n 包装：产品用白纸，瓦楞纸，气泡纸包裹后入内盒，大箱，大箱用胶带纸工字封口；\r\n 交期：2012年1月10日/工厂。 \r\n       没有经过我司同意无故延期交货造成严重后果的，按照客人的相关要求处理。 \r\n 开票：出货后请将增值税发票、验货报告、合同复印件及出库单一并寄至我司，以便我司安排付款。', 'HOME', '0000-00-00 00:00:00', '3', '0000-00-00 00:00:00', null, null, null, '2', null, '2', null, null, '0000-00-00 00:00:00', null, '0000-00-00 00:00:00');
INSERT INTO `contract` VALUES ('4028817a33812ffd013382048ff80024', '陕西杰信商务发展有限公司', '11JK1082', '0000-00-00 00:00:00', '杨丽', null, '李春光', '12300', '★   产品与封样无明显差异，唛头、标签及包装质量务必符合公司要求。 \r\n ★★  产品生成前期、中期、后期抽验率不得少于10%，质量和封样一致， \r\n       并将验货照片传回公司。 \r\n★★★ 重点客人的质量标准检验，产品抽验率不得少于50%，务必做到入箱前检查。 \r\n 包装：产品用白纸，瓦楞纸，气泡纸包裹后入内盒，大箱，大箱用胶带纸工字封口；\r\n 交期：2011年12月30日/工厂。  \r\n       没有经过我司同意无故延期交货造成严重后果的，按照客人的相关要求处理。 \r\n 开票：出货后请将增值税发票、验货报告、合同复印件及出库单一并寄至我司，以便我司安排付款。', 'MSA', '0000-00-00 00:00:00', '3', '0000-00-00 00:00:00', null, null, null, '2', null, '2', null, null, '0000-00-00 00:00:00', null, '0000-00-00 00:00:00');
INSERT INTO `contract` VALUES ('4028817a33812ffd0133821a8eb5002b', '陕西杰信商务发展有限公司', '11JK1084', '0000-00-00 00:00:00', '杨丽', null, '李春光', '10936', '★   产品与封样无明显差异，唛头、标签及包装质量务必符合公司要求。 \r\n ★★  产品生成前期、中期、后期抽验率不得少于10%，质量和封样一致， \r\n       并将验货照片传回公司。 \r\n★★★ 重点客人的质量标准检验，产品抽验率不得少于50%，务必做到入箱前检查。 \r\n 交期：2011年12月20日/工厂。毛坯送至祁县瑞成玻璃镀膜厂。 \r\n       没有经过我司同意无故延期交货造成严重后果的，按照客人的相关要求处理。 \r\n 开票：出货后请将增值税发票、验货报告、合同复印件及出库单一并寄至我司，以便我司安排付款。', 'ONE WORLD', '0000-00-00 00:00:00', '3', '0000-00-00 00:00:00', null, null, null, '2', null, '2', null, null, '0000-00-00 00:00:00', null, '0000-00-00 00:00:00');
INSERT INTO `contract` VALUES ('4028817a33d4f8b40133d9878e88000d', '陕西杰信商务发展有限公司', '11JK1070', '0000-00-00 00:00:00', '杨丽', null, null, '38612', '★   产品与封样无明显差异，唛头、标签及包装质量务必符合公司要求。 \r\n ★★  产品生成前期、中期、后期抽验率不得少于10%，质量和封样一致， \r\n       并将验货照片传回公司。 \r\n★★★ 重点客人的质量标准检验，产品抽验率不得少于50%，务必做到入箱前检查。 \r\n 交期：2011年11月5日/工厂。 \r\n       没有经过我司同意无故延期交货造成严重后果的，按照客人的相关要求处理。 \r\n 开票：出货后请将增值税发票、验货报告、合同复印件及出库单一并寄至我司，以便我司安排付款。', null, '0000-00-00 00:00:00', '3', '0000-00-00 00:00:00', null, null, null, '2', null, '2', null, null, '0000-00-00 00:00:00', null, '0000-00-00 00:00:00');
INSERT INTO `contract` VALUES ('4028817a33d4f8b40133d991a50d0019', '陕西杰信商务发展有限公司', '11JK1066', '0000-00-00 00:00:00', '杨丽', null, '李春光', '146184', '★   产品与封样无明显差异，唛头、标签及包装质量务必符合公司要求。 \r\n ★★  产品生成前期、中期、后期抽验率不得少于10%，质量和封样一致， \r\n       并将验货照片传回公司。 \r\n★★★ 重点客人的质量标准检验，产品抽验率不得少于50%，务必做到入箱前检查。 \r\n 交期：2011年12月5日/工厂。\r\n       没有经过我司同意无故延期交货造成严重后果的，按照客人的相关要求处理。 \r\n 开票：出货后请将增值税发票、验货报告、合同复印件及出库单一并寄至我司，以便我司安排付款。', null, '0000-00-00 00:00:00', '3', '0000-00-00 00:00:00', null, null, null, '2', '待样品确认后方可安排生产', '0', null, null, '0000-00-00 00:00:00', null, '0000-00-00 00:00:00');
INSERT INTO `contract` VALUES ('4028817a33d4f8b40133d9bea39b002f', '陕西杰信商务发展有限公司', '11JK1060', '0000-00-00 00:00:00', '杨丽', null, null, '152072', '★   产品与封样无明显差异，唛头、标签及包装质量务必符合公司要求。 \r\n ★★  产品生成前期、中期、后期抽验率不得少于10%，质量和封样一致， \r\n       并将验货照片传回公司。 \r\n★★★ 重点客人的质量标准检验，产品抽验率不得少于50%，务必做到入箱前检查。 \r\n 交期：2011年12月15日/工厂。\r\n       没有经过我司同意无故延期交货造成严重后果的，按照客人的相关要求处理。 \r\n 开票：出货后请将增值税发票、验货报告、合同复印件及出库单一并寄至我司，以便我司安排付款。', 'COACH HOUSE', '0000-00-00 00:00:00', '3', '0000-00-00 00:00:00', null, null, null, '2', null, '0', null, null, '0000-00-00 00:00:00', null, '0000-00-00 00:00:00');
INSERT INTO `contract` VALUES ('2c90c5004ad63735014ad6d204060005', null, '合同号：B', null, null, null, null, '0', null, '客户名称B', '0000-00-00 00:00:00', '3', '0000-00-00 00:00:00', null, null, null, '2', null, '2', 'e041f064-b115-4e19-b76e-b515d1fc1fa9', 'aeb1c7d3-9a54-4f73-b0ec-0325b83aef45', '0000-00-00 00:00:00', null, '0000-00-00 00:00:00');
INSERT INTO `contract` VALUES ('4028817a33fc4e280133fd81e7d7001d', '陕西杰信商务发展有限公司', '11JK1068', '0000-00-00 00:00:00', '杨丽', null, null, '102712', '★   产品与封样无明显差异，唛头、标签及包装质量务必符合公司要求。 \r\n ★★  产品生产前期、中期、后期抽验率不得少于10%，质量和封样一致， \r\n       并将验货照片传回公司。 \r\n★★★ 重点客人的质量标准检验，产品抽验率不得少于50%，务必做到入箱前检查。 \r\n 交期：2011年12月15日/工厂。\r\n       没有经过我司同意无故延期交货造成严重后果的，按照客人的相关要求处理。 \r\n 开票：出货后请将增值税发票、验货报告、合同复印件及出库单一并寄至我司，以便我司安排付款。', 'ELAD', '0000-00-00 00:00:00', '3', '0000-00-00 00:00:00', null, null, null, '2', null, '0', null, null, '0000-00-00 00:00:00', null, '0000-00-00 00:00:00');
INSERT INTO `contract` VALUES ('4028817a33fc4e280133fd9f8b4e002f', '陕西杰信商务发展有限公司', '11JK1072', '0000-00-00 00:00:00', '杨丽', null, null, '99918', '★   产品与封样无明显差异，唛头、标签及包装质量务必符合公司要求。 \r\n ★★  产品生产前期、中期、后期抽验率不得少于10%，质量和封样一致， \r\n       并将验货照片传回公司。 \r\n★★★ 重点客人的质量标准检验，产品抽验率不得少于50%，务必做到入箱前检查。 \r\n 交期：2011年12月15日/工厂。\r\n       没有经过我司同意无故延期交货造成严重后果的，按照客人的相关要求处理。 \r\n 开票：出货后请将增值税发票、验货报告、合同复印件及出库单一并寄至我司，以便我司安排付款。', 'BRISSI', '0000-00-00 00:00:00', '3', '0000-00-00 00:00:00', null, null, null, '2', null, '2', null, null, '0000-00-00 00:00:00', null, '0000-00-00 00:00:00');
INSERT INTO `contract` VALUES ('4028817a3420e78a013421a693730001', '陕西杰信商务发展有限公司', 'C/4040/11', '0000-00-00 00:00:00', '杨丽', null, '李春光', '114640', '★   产品与封样无明显差异，唛头、标签及包装质量务必符合公司要求。 \r\n ★★  产品生产前期、中期、后期抽验率不得少于10%，质量和封样一致， \r\n       并将验货照片传回公司。 \r\n★★★ 重点客人的质量标准检验，产品抽验率不得少于50%，务必做到入箱前检查。 \r\n 交期：2012年2月15日/工厂。\r\n       没有经过我司同意无故延期交货造成严重后果的，按照客人的相关要求处理。 \r\n 开票：出货后请将增值税发票、验货报告、合同复印件及出库单一并寄至我司，以便我司安排付款。', 'HOME', '0000-00-00 00:00:00', '1', '0000-00-00 00:00:00', null, null, null, '2', null, '2', null, null, '0000-00-00 00:00:00', null, '0000-00-00 00:00:00');
INSERT INTO `contract` VALUES ('8a7e81015acf673a015acf6dc97e0000', 'AOP05', 'AOP05', '0000-00-00 00:00:00', 'AOP05', 'AOP05', 'AOP05', '0', 'AOP05', 'AOP05', '0000-00-00 00:00:00', '3', '0000-00-00 00:00:00', null, null, 'FOB', '2', 'AOP05', '1', '6764e5a1-45e5-4229-a72a-7c5d72209b15', 'aeb1c7d3-9a54-4f73-b0ec-0325b83aef45', '0000-00-00 00:00:00', null, '0000-00-00 00:00:00');
INSERT INTO `contract` VALUES ('8a7e84215827fe1b015828058c360001', 'AOP', 'AOP', '0000-00-00 00:00:00', 'AOP', 'AOPAOP', 'AOP', '0', 'AOP', 'AOP', '0000-00-00 00:00:00', '3', '0000-00-00 00:00:00', null, null, 'L/C', '2', 'AOP', '1', '6764e5a1-45e5-4229-a72a-7c5d72209b15', 'aeb1c7d3-9a54-4f73-b0ec-0325b83aef45', '0000-00-00 00:00:00', null, '0000-00-00 00:00:00');
INSERT INTO `contract` VALUES ('8a7e845158dc48ec0158dc49ce140000', 'WWWW', 'C34543543', '0000-00-00 00:00:00', 'YYYYY02', 'QQQQ', 'ZZZZ03', '900', 'SSSS05', 'XXXX01', '0000-00-00 00:00:00', '3', '0000-00-00 00:00:00', null, null, 'FOB04', '2', 'AAAAA', '2', null, null, '0000-00-00 00:00:00', null, '0000-00-00 00:00:00');
INSERT INTO `contract` VALUES ('8a7e840159aa01770159aa3625310001', 'OOP41', 'OOP41', '0000-00-00 00:00:00', 'OOP41', 'OOP41', 'OOP41', '0', 'OOP41', 'OOP41', '0000-00-00 00:00:00', '3', '0000-00-00 00:00:00', null, null, 'FOB', '2', 'OOP41', '0', '6424df15-963c-4218-8371-6ad000ef5a5a', 'aeb1c7d3-9a54-4f73-b0ec-0325b83aef45', '0000-00-00 00:00:00', null, '0000-00-00 00:00:00');
INSERT INTO `contract` VALUES ('8a7e840159aa01770159aa3a8ff70002', 'OOP4102', 'OOP4102', '0000-00-00 00:00:00', 'OOP4102', 'OOP4102', 'OOP4102', '0', 'OOP4102', 'OOP4102', '0000-00-00 00:00:00', '3', '0000-00-00 00:00:00', null, null, 'FOB', '2', 'OOP4102', '0', '6424df15-963c-4218-8371-6ad000ef5a5a', 'aeb1c7d3-9a54-4f73-b0ec-0325b83aef45', '0000-00-00 00:00:00', null, '0000-00-00 00:00:00');
INSERT INTO `contract` VALUES ('8a7e840159aa01770159aa3b43170003', 'AOP41', 'AOP41', '0000-00-00 00:00:00', 'AOP41', 'AOP41', 'AOP41', '0', 'AOP41', 'AOP41', '0000-00-00 00:00:00', '3', '0000-00-00 00:00:00', null, null, 'FOB', '2', 'AOP41', '0', '6764e5a1-45e5-4229-a72a-7c5d72209b15', 'aeb1c7d3-9a54-4f73-b0ec-0325b83aef45', '0000-00-00 00:00:00', null, '0000-00-00 00:00:00');
INSERT INTO `contract` VALUES ('8a7e81ec5ac06f0d015ac06fbb850000', 'sz059', 'sz052', '0000-00-00 00:00:00', 'sz053', 'sz058', 'sz054', '1200', 'sz056', 'sz051', '0000-00-00 00:00:00', '3', '0000-00-00 00:00:00', null, null, 'FOB5', '2', 'sz057', '0', null, null, '0000-00-00 00:00:00', null, '0000-00-00 00:00:00');
INSERT INTO `contract` VALUES ('8a7e84fc587a6c8501587a6d3ed70000', 'JK359', 'JK352', '0000-00-00 00:00:00', 'JK353', 'JK358', 'JK354', '600', 'JK356', 'JK351', '0000-00-00 00:00:00', '3', '0000-00-00 00:00:00', null, null, 'FOB5', '2', 'JK357', '1', null, null, '0000-00-00 00:00:00', null, '0000-00-00 00:00:00');
INSERT INTO `contract` VALUES ('8a7e84175884728c0158848d37230000', 'OOP001', 'OOP001', '0000-00-00 00:00:00', 'OOP001', 'OOP001', 'OOP001', '0', 'OOP001', 'OOP001', '0000-00-00 00:00:00', '3', '0000-00-00 00:00:00', null, null, 'FOB', '2', 'OOP001', '0', null, null, '0000-00-00 00:00:00', null, '0000-00-00 00:00:00');
INSERT INTO `contract` VALUES ('8a7e84175884728c0158848fffa50001', 'OOP002', 'OOP002', '0000-00-00 00:00:00', 'OOP002', 'OOP002', 'OOP002', '0', 'OOP002', 'OOP002', '0000-00-00 00:00:00', '3', '0000-00-00 00:00:00', null, null, 'FOB', '2', 'OOP002', '0', '6424df15-963c-4218-8371-6ad000ef5a5a', 'aeb1c7d3-9a54-4f73-b0ec-0325b83aef45', '0000-00-00 00:00:00', null, '0000-00-00 00:00:00');
INSERT INTO `contract` VALUES ('8a7e8419593ddcf901593e0b20ed0000', 'OOP232', 'OOP232', '0000-00-00 00:00:00', 'OOP232', 'OOP232', 'OOP232', '0', 'OOP232', 'OOP232', '0000-00-00 00:00:00', '3', '0000-00-00 00:00:00', null, null, 'FOB', '2', 'OOP232', '0', '6424df15-963c-4218-8371-6ad000ef5a5a', 'aeb1c7d3-9a54-4f73-b0ec-0325b83aef45', '0000-00-00 00:00:00', null, '0000-00-00 00:00:00');
INSERT INTO `contract` VALUES ('8a7e8419593e0df101593e0f81780000', 'OOP23201', 'OOP23201', '0000-00-00 00:00:00', 'OOP23201', 'OOP23201', 'OOP23201', '0', 'OOP23201', 'OOP23201', '0000-00-00 00:00:00', '3', '0000-00-00 00:00:00', null, null, 'FOB', '2', 'OOP23201', '0', '6424df15-963c-4218-8371-6ad000ef5a5a', 'aeb1c7d3-9a54-4f73-b0ec-0325b83aef45', '0000-00-00 00:00:00', null, '0000-00-00 00:00:00');
INSERT INTO `contract` VALUES ('8a7e8419593e0df101593e10341b0001', 'AOP232', 'AOP232', '0000-00-00 00:00:00', 'AOP232', 'AOP232', 'AOP232', '0', 'AOP232', 'AOP232', '0000-00-00 00:00:00', '3', '0000-00-00 00:00:00', null, null, 'FOB', '2', 'AOP232', '0', '6764e5a1-45e5-4229-a72a-7c5d72209b15', 'aeb1c7d3-9a54-4f73-b0ec-0325b83aef45', '0000-00-00 00:00:00', null, '0000-00-00 00:00:00');
INSERT INTO `contract` VALUES ('4028817a3357462e0133591b86ec0002', '陕西杰信商务发展有限公司', 'C/3817/11', '0000-00-00 00:00:00', '杨丽', null, '吕晓波', '3859', '★   产品与封样无明显差异，唛头、标签及包装质量务必符合公司要求。 \r\n ★★  产品生成前期、中期、后期抽验率不得少于10%，质量和封样一致， \r\n       并将验货照片传回公司。 \r\n★★★ 重点客人的质量标准检验，产品抽验率不得少于50%，务必做到入箱前检查。 \r\n 交期：2011年12月15日/工厂,没有经过我司同意无故延期交货造成严重后果的，按照客人的相关要求处理。 \r\n 开票：出货后请将增值税发票、验货报告、合同复印件及出库单一并寄至我司，以便我司安排付款。', 'BEAKIE LEE', '0000-00-00 00:00:00', '1', '0000-00-00 00:00:00', null, null, null, '2', null, '2', null, null, '0000-00-00 00:00:00', null, '0000-00-00 00:00:00');
INSERT INTO `contract` VALUES ('4028817a3357462e01336cc0877b0010', '陕西杰信商务发展有限公司', '11JK1080', '0000-00-00 00:00:00', '杨丽', null, '吕晓波', '2318', '★   产品与封样无明显差异，唛头、标签及包装质量务必符合公司要求。 \r\n ★★  产品生成前期、中期、后期抽验率不得少于10%，质量和封样一致， \r\n       并将验货照片传回公司。 \r\n★★★ 重点客人的质量标准检验，产品抽验率不得少于50%，务必做到入箱前检查。 \r\n 交期：2011年12月10日/工厂。毛坯送至祁县瑞成玻璃镀膜厂。 \r\n       没有经过我司同意无故延期交货造成严重后果的，按照客人的相关要求处理。 \r\n 开票：出货后请将增值税发票、验货报告、合同复印件及出库单一并寄至我司，以便我司安排付款。', null, '0000-00-00 00:00:00', '3', '0000-00-00 00:00:00', null, null, null, '1', '待样品确认后方可安排生产', '2', null, null, '0000-00-00 00:00:00', null, '0000-00-00 00:00:00');
INSERT INTO `contract` VALUES ('4028817a3357462e01336d3a0be10014', '陕西杰信商务发展有限公司', '11JK1078', '0000-00-00 00:00:00', '杨丽', null, '李春光', '54120', '★   产品与封样无明显差异，唛头、标签及包装质量务必符合公司要求。 \r\n ★★  产品生成前期、中期、后期抽验率不得少于10%，质量和封样一致， \r\n       并将验货照片传回公司。 \r\n★★★ 重点客人的质量标准检验，产品抽验率不得少于50%，务必做到入箱前检查。 \r\n 交期：2011年11月15日/工厂。 \r\n       没有经过我司同意无故延期交货造成严重后果的，按照客人的相关要求处理。 \r\n 开票：出货后请将增值税发票、验货报告、合同复印件及出库单一并寄至我司，以便我司安排付款。', null, '0000-00-00 00:00:00', '3', '0000-00-00 00:00:00', null, null, null, '2', null, '2', null, null, '0000-00-00 00:00:00', null, '0000-00-00 00:00:00');
INSERT INTO `contract` VALUES ('4028817a3357462e01336d523195001a', '陕西杰信商务发展有限公司', 'C/3847/11', '0000-00-00 00:00:00', '杨丽', null, '李春光', '39240', '★   产品与封样无明显差异，唛头、标签及包装质量务必符合公司要求。 \r\n ★★  产品生成前期、中期、后期抽验率不得少于10%，质量和封样一致， \r\n       并将验货照片传回公司。 \r\n★★★ 重点客人的质量标准检验，产品抽验率不得少于50%，务必做到入箱前检查。\r\n 交期：2011年12月15日/工厂。 \r\n       没有经过我司同意无故延期交货造成严重后果的，按照客人的相关要求处理。 \r\n 开票：出货后请将增值税发票、验货报告、合同复印件及出库单一并寄至我司，以便我司安排付款。', 'HOME', '0000-00-00 00:00:00', '3', '0000-00-00 00:00:00', null, null, null, '2', null, '2', null, null, '0000-00-00 00:00:00', null, '0000-00-00 00:00:00');
INSERT INTO `contract` VALUES ('4028817a33812ffd0133813f25940001', '陕西杰信商务发展有限公司', 'C/3861/11', '0000-00-00 00:00:00', '杨丽', null, '吕晓波', '165378', '★   产品与封样无明显差异，唛头、标签及包装质量务必符合公司要求。 \r\n ★★  产品生产前期、中期、后期抽验率不得少于10%，质量和封样一致， \r\n       并将验货照片传回公司。 \r\n★★★ 重点客人的质量标准检验，产品抽验率不得少于50%，务必做到入箱前检查。 \r\n 包装：产品用白纸，瓦楞纸，气泡纸包裹后入内盒，大箱，大箱用胶带纸工字封口；\r\n 交期：2012年1月10日/工厂。 \r\n       没有经过我司同意无故延期交货造成严重后果的，按照客人的相关要求处理。 \r\n 开票：出货后请将增值税发票、验货报告、合同复印件及出库单一并寄至我司，以便我司安排付款。', 'HOME', '0000-00-00 00:00:00', '3', '0000-00-00 00:00:00', null, null, null, '2', null, '2', null, null, '0000-00-00 00:00:00', null, '0000-00-00 00:00:00');
INSERT INTO `contract` VALUES ('4028817a33812ffd013382048ff80024', '陕西杰信商务发展有限公司', '11JK1082', '0000-00-00 00:00:00', '杨丽', null, '李春光', '12300', '★   产品与封样无明显差异，唛头、标签及包装质量务必符合公司要求。 \r\n ★★  产品生成前期、中期、后期抽验率不得少于10%，质量和封样一致， \r\n       并将验货照片传回公司。 \r\n★★★ 重点客人的质量标准检验，产品抽验率不得少于50%，务必做到入箱前检查。 \r\n 包装：产品用白纸，瓦楞纸，气泡纸包裹后入内盒，大箱，大箱用胶带纸工字封口；\r\n 交期：2011年12月30日/工厂。  \r\n       没有经过我司同意无故延期交货造成严重后果的，按照客人的相关要求处理。 \r\n 开票：出货后请将增值税发票、验货报告、合同复印件及出库单一并寄至我司，以便我司安排付款。', 'MSA', '0000-00-00 00:00:00', '3', '0000-00-00 00:00:00', null, null, null, '2', null, '2', null, null, '0000-00-00 00:00:00', null, '0000-00-00 00:00:00');
INSERT INTO `contract` VALUES ('4028817a33812ffd0133821a8eb5002b', '陕西杰信商务发展有限公司', '11JK1084', '0000-00-00 00:00:00', '杨丽', null, '李春光', '10936', '★   产品与封样无明显差异，唛头、标签及包装质量务必符合公司要求。 \r\n ★★  产品生成前期、中期、后期抽验率不得少于10%，质量和封样一致， \r\n       并将验货照片传回公司。 \r\n★★★ 重点客人的质量标准检验，产品抽验率不得少于50%，务必做到入箱前检查。 \r\n 交期：2011年12月20日/工厂。毛坯送至祁县瑞成玻璃镀膜厂。 \r\n       没有经过我司同意无故延期交货造成严重后果的，按照客人的相关要求处理。 \r\n 开票：出货后请将增值税发票、验货报告、合同复印件及出库单一并寄至我司，以便我司安排付款。', 'ONE WORLD', '0000-00-00 00:00:00', '3', '0000-00-00 00:00:00', null, null, null, '2', null, '2', null, null, '0000-00-00 00:00:00', null, '0000-00-00 00:00:00');
INSERT INTO `contract` VALUES ('4028817a33d4f8b40133d9878e88000d', '陕西杰信商务发展有限公司', '11JK1070', '0000-00-00 00:00:00', '杨丽', null, null, '38612', '★   产品与封样无明显差异，唛头、标签及包装质量务必符合公司要求。 \r\n ★★  产品生成前期、中期、后期抽验率不得少于10%，质量和封样一致， \r\n       并将验货照片传回公司。 \r\n★★★ 重点客人的质量标准检验，产品抽验率不得少于50%，务必做到入箱前检查。 \r\n 交期：2011年11月5日/工厂。 \r\n       没有经过我司同意无故延期交货造成严重后果的，按照客人的相关要求处理。 \r\n 开票：出货后请将增值税发票、验货报告、合同复印件及出库单一并寄至我司，以便我司安排付款。', null, '0000-00-00 00:00:00', '3', '0000-00-00 00:00:00', null, null, null, '2', null, '2', null, null, '0000-00-00 00:00:00', null, '0000-00-00 00:00:00');
INSERT INTO `contract` VALUES ('4028817a33d4f8b40133d991a50d0019', '陕西杰信商务发展有限公司', '11JK1066', '0000-00-00 00:00:00', '杨丽', null, '李春光', '146184', '★   产品与封样无明显差异，唛头、标签及包装质量务必符合公司要求。 \r\n ★★  产品生成前期、中期、后期抽验率不得少于10%，质量和封样一致， \r\n       并将验货照片传回公司。 \r\n★★★ 重点客人的质量标准检验，产品抽验率不得少于50%，务必做到入箱前检查。 \r\n 交期：2011年12月5日/工厂。\r\n       没有经过我司同意无故延期交货造成严重后果的，按照客人的相关要求处理。 \r\n 开票：出货后请将增值税发票、验货报告、合同复印件及出库单一并寄至我司，以便我司安排付款。', null, '0000-00-00 00:00:00', '3', '0000-00-00 00:00:00', null, null, null, '2', '待样品确认后方可安排生产', '0', null, null, '0000-00-00 00:00:00', null, '0000-00-00 00:00:00');
INSERT INTO `contract` VALUES ('4028817a33d4f8b40133d9bea39b002f', '陕西杰信商务发展有限公司', '11JK1060', '0000-00-00 00:00:00', '杨丽', null, null, '152072', '★   产品与封样无明显差异，唛头、标签及包装质量务必符合公司要求。 \r\n ★★  产品生成前期、中期、后期抽验率不得少于10%，质量和封样一致， \r\n       并将验货照片传回公司。 \r\n★★★ 重点客人的质量标准检验，产品抽验率不得少于50%，务必做到入箱前检查。 \r\n 交期：2011年12月15日/工厂。\r\n       没有经过我司同意无故延期交货造成严重后果的，按照客人的相关要求处理。 \r\n 开票：出货后请将增值税发票、验货报告、合同复印件及出库单一并寄至我司，以便我司安排付款。', 'COACH HOUSE', '0000-00-00 00:00:00', '3', '0000-00-00 00:00:00', null, null, null, '2', null, '0', null, null, '0000-00-00 00:00:00', null, '0000-00-00 00:00:00');
INSERT INTO `contract` VALUES ('2c90c5004ad63735014ad6d204060005', null, '合同号：B', null, null, null, null, '0', null, '客户名称B', '0000-00-00 00:00:00', '3', '0000-00-00 00:00:00', null, null, null, '2', null, '2', 'e041f064-b115-4e19-b76e-b515d1fc1fa9', 'aeb1c7d3-9a54-4f73-b0ec-0325b83aef45', '0000-00-00 00:00:00', null, '0000-00-00 00:00:00');
INSERT INTO `contract` VALUES ('4028817a33fc4e280133fd81e7d7001d', '陕西杰信商务发展有限公司', '11JK1068', '0000-00-00 00:00:00', '杨丽', null, null, '102712', '★   产品与封样无明显差异，唛头、标签及包装质量务必符合公司要求。 \r\n ★★  产品生产前期、中期、后期抽验率不得少于10%，质量和封样一致， \r\n       并将验货照片传回公司。 \r\n★★★ 重点客人的质量标准检验，产品抽验率不得少于50%，务必做到入箱前检查。 \r\n 交期：2011年12月15日/工厂。\r\n       没有经过我司同意无故延期交货造成严重后果的，按照客人的相关要求处理。 \r\n 开票：出货后请将增值税发票、验货报告、合同复印件及出库单一并寄至我司，以便我司安排付款。', 'ELAD', '0000-00-00 00:00:00', '3', '0000-00-00 00:00:00', null, null, null, '2', null, '0', null, null, '0000-00-00 00:00:00', null, '0000-00-00 00:00:00');
INSERT INTO `contract` VALUES ('4028817a33fc4e280133fd9f8b4e002f', '陕西杰信商务发展有限公司', '11JK1072', '0000-00-00 00:00:00', '杨丽', null, null, '99918', '★   产品与封样无明显差异，唛头、标签及包装质量务必符合公司要求。 \r\n ★★  产品生产前期、中期、后期抽验率不得少于10%，质量和封样一致， \r\n       并将验货照片传回公司。 \r\n★★★ 重点客人的质量标准检验，产品抽验率不得少于50%，务必做到入箱前检查。 \r\n 交期：2011年12月15日/工厂。\r\n       没有经过我司同意无故延期交货造成严重后果的，按照客人的相关要求处理。 \r\n 开票：出货后请将增值税发票、验货报告、合同复印件及出库单一并寄至我司，以便我司安排付款。', 'BRISSI', '0000-00-00 00:00:00', '3', '0000-00-00 00:00:00', null, null, null, '2', null, '2', null, null, '0000-00-00 00:00:00', null, '0000-00-00 00:00:00');
INSERT INTO `contract` VALUES ('4028817a3420e78a013421a693730001', '陕西杰信商务发展有限公司', 'C/4040/11', '0000-00-00 00:00:00', '杨丽', null, '李春光', '114640', '★   产品与封样无明显差异，唛头、标签及包装质量务必符合公司要求。 \r\n ★★  产品生产前期、中期、后期抽验率不得少于10%，质量和封样一致， \r\n       并将验货照片传回公司。 \r\n★★★ 重点客人的质量标准检验，产品抽验率不得少于50%，务必做到入箱前检查。 \r\n 交期：2012年2月15日/工厂。\r\n       没有经过我司同意无故延期交货造成严重后果的，按照客人的相关要求处理。 \r\n 开票：出货后请将增值税发票、验货报告、合同复印件及出库单一并寄至我司，以便我司安排付款。', 'HOME', '0000-00-00 00:00:00', '1', '0000-00-00 00:00:00', null, null, null, '2', null, '2', null, null, '0000-00-00 00:00:00', null, '0000-00-00 00:00:00');
INSERT INTO `contract` VALUES ('4028817a353b8d8e01353d15008d0046', '陕西杰信商务发展有限公司', 'C/4104/11', '0000-00-00 00:00:00', '杨丽', null, null, '37749', '★   产品与封样无明显差异，唛头、标签及包装质量务必符合公司要求。 \r\n ★★  产品生产前期、中期、后期抽验率不得少于10%，质量和封样一致， \r\n       并将验货照片传回公司。 \r\n★★★ 重点客人的质量标准检验，产品抽验率不得少于50%，务必做到入箱前检查。 \r\n 交期：2012年2月15日/工厂。 \r\n       没有经过我司同意无故延期交货造成严重后果的，按照客人的相关要求处理。 \r\n 开票：出货后请将增值税发票、验货报告、合同复印件及出库单一并寄至我司，以便我司安排付款。', 'HOME', '0000-00-00 00:00:00', '3', '0000-00-00 00:00:00', null, null, 'T/T', '2', null, '2', null, null, '0000-00-00 00:00:00', null, '0000-00-00 00:00:00');
INSERT INTO `contract` VALUES ('402895c2515129200151514376b80002', 'F', 'F', '0000-00-00 00:00:00', 'F', 'F', 'F', '121', 'F', 'F', '0000-00-00 00:00:00', '3', '0000-00-00 00:00:00', null, null, 'F', '2', 'F', '0', null, null, '0000-00-00 00:00:00', null, '0000-00-00 00:00:00');
INSERT INTO `contract` VALUES ('402899d65088203101508831e1e60000', '中华烟草集团', 'xx-01-xxx-02', '0000-00-00 00:00:00', '郭中华', '郭中华', '郭尔获', null, null, 'xx', '0000-00-00 00:00:00', '3', '0000-00-00 00:00:00', null, null, null, '2', null, null, null, null, '0000-00-00 00:00:00', null, '0000-00-00 00:00:00');
INSERT INTO `contract` VALUES ('402899d650885c420150885d95cb0000', 'J2302', 'J2302', '0000-00-00 00:00:00', 'J2302', 'J2302', 'J2302', '1000', 'J2302', 'J2302', '0000-00-00 00:00:00', '3', '0000-00-00 00:00:00', null, null, 'FOB', '2', 'J2302', '0', '71a5a695-0ba5-4f0d-a0b5-0a304efde944', '4028827c4fb6202a014fb6209c730000', '0000-00-00 00:00:00', null, '0000-00-00 00:00:00');
INSERT INTO `contract` VALUES ('402899d650885c420150885e918e0001', 'J24', 'J24', '0000-00-00 00:00:00', 'J24', 'J24', 'J24', '0', 'J24', 'J24', '0000-00-00 00:00:00', '3', '0000-00-00 00:00:00', null, null, 'T/T', '2', 'J24', '0', '424b2d01-d812-4f30-be40-dcda14110118', '4028827c4fb6202a014fb6209c730000', '0000-00-00 00:00:00', null, '0000-00-00 00:00:00');
INSERT INTO `contract` VALUES ('4028a9bd515b2e8201515b3339860000', 'C1', 'C1', '0000-00-00 00:00:00', 'C1', 'C1', 'C1', '100', 'C1', 'C1', '0000-00-00 00:00:00', '3', '0000-00-00 00:00:00', null, null, 'T/T', '2', 'C1', '0', '5758571d-93c6-48f0-9e67-20a442779531', '4028827c4fb645b0014fb64668550000', '0000-00-00 00:00:00', null, '0000-00-00 00:00:00');
INSERT INTO `contract` VALUES ('4028a9bd515b3be301515b3d676f0000', 'D1', 'D1', '0000-00-00 00:00:00', 'D1', 'D1', 'D1', '0', 'D1', 'D1', '0000-00-00 00:00:00', '3', '0000-00-00 00:00:00', null, null, 'L/C', '2', 'D1', '1', '6f9f16c8-827b-4cc8-9e20-210aa82d1fcf', '4028827c4fb645b0014fb64668550000', '0000-00-00 00:00:00', null, '0000-00-00 00:00:00');
INSERT INTO `contract` VALUES ('8a7e845a58e13c3a0158e156b9210000', 'OOP003', 'OOP003', '0000-00-00 00:00:00', 'OOP003', 'OOP003', 'OOP003', '0', 'OOP003', 'OOP003', '0000-00-00 00:00:00', '3', '0000-00-00 00:00:00', null, null, 'FOB', '2', 'OOP003', '0', '6424df15-963c-4218-8371-6ad000ef5a5a', 'aeb1c7d3-9a54-4f73-b0ec-0325b83aef45', '0000-00-00 00:00:00', null, '0000-00-00 00:00:00');
INSERT INTO `contract` VALUES ('4028d3cf567275410156734fb6480000', 'CS', 'CS', '0000-00-00 00:00:00', 'CS', 'CS', 'CS', '0', '测试', 'CS', '0000-00-00 00:00:00', '3', '0000-00-00 00:00:00', null, null, 'FOB', '2', '测试', '0', 'e0de22fe-2c50-4216-ad75-ed0494d2dc92', '4028827c4fb6202a014fb6209c730000', '0000-00-00 00:00:00', null, '0000-00-00 00:00:00');
INSERT INTO `contract` VALUES ('8a7e84105823102a01582310fcd70000', 'FFFFB', 'FFFFB', '0000-00-00 00:00:00', 'FFFFB', 'FFFFB', 'FFFFB', '0', 'FFFFB', 'FFFFB', '0000-00-00 00:00:00', '3', '0000-00-00 00:00:00', null, null, 'FOB', '2', 'FFFFB', '0', null, null, '0000-00-00 00:00:00', null, '0000-00-00 00:00:00');
INSERT INTO `contract` VALUES ('8a7e81015acf673a015acf6dc97e0000', 'AOP05', 'AOP05', '0000-00-00 00:00:00', 'AOP05', 'AOP05', 'AOP05', '0', 'AOP05', 'AOP05', '0000-00-00 00:00:00', '3', '0000-00-00 00:00:00', null, null, 'FOB', '2', 'AOP05', '1', '6764e5a1-45e5-4229-a72a-7c5d72209b15', 'aeb1c7d3-9a54-4f73-b0ec-0325b83aef45', '0000-00-00 00:00:00', null, '0000-00-00 00:00:00');
INSERT INTO `contract` VALUES ('8a7e84215827fe1b015828058c360001', 'AOP', 'AOP', '0000-00-00 00:00:00', 'AOP', 'AOPAOP', 'AOP', '0', 'AOP', 'AOP', '0000-00-00 00:00:00', '3', '0000-00-00 00:00:00', null, null, 'L/C', '2', 'AOP', '1', '6764e5a1-45e5-4229-a72a-7c5d72209b15', 'aeb1c7d3-9a54-4f73-b0ec-0325b83aef45', '0000-00-00 00:00:00', null, '0000-00-00 00:00:00');
INSERT INTO `contract` VALUES ('8a7e845158dc48ec0158dc49ce140000', 'WWWW', 'C34543543', '0000-00-00 00:00:00', 'YYYYY02', 'QQQQ', 'ZZZZ03', '900', 'SSSS05', 'XXXX01', '0000-00-00 00:00:00', '3', '0000-00-00 00:00:00', null, null, 'FOB04', '2', 'AAAAA', '2', null, null, '0000-00-00 00:00:00', null, '0000-00-00 00:00:00');
INSERT INTO `contract` VALUES ('8a7e840159aa01770159aa3625310001', 'OOP41', 'OOP41', '0000-00-00 00:00:00', 'OOP41', 'OOP41', 'OOP41', '0', 'OOP41', 'OOP41', '0000-00-00 00:00:00', '3', '0000-00-00 00:00:00', null, null, 'FOB', '2', 'OOP41', '0', '6424df15-963c-4218-8371-6ad000ef5a5a', 'aeb1c7d3-9a54-4f73-b0ec-0325b83aef45', '0000-00-00 00:00:00', null, '0000-00-00 00:00:00');
INSERT INTO `contract` VALUES ('8a7e840159aa01770159aa3a8ff70002', 'OOP4102', 'OOP4102', '0000-00-00 00:00:00', 'OOP4102', 'OOP4102', 'OOP4102', '0', 'OOP4102', 'OOP4102', '0000-00-00 00:00:00', '3', '0000-00-00 00:00:00', null, null, 'FOB', '2', 'OOP4102', '0', '6424df15-963c-4218-8371-6ad000ef5a5a', 'aeb1c7d3-9a54-4f73-b0ec-0325b83aef45', '0000-00-00 00:00:00', null, '0000-00-00 00:00:00');
INSERT INTO `contract` VALUES ('8a7e840159aa01770159aa3b43170003', 'AOP41', 'AOP41', '0000-00-00 00:00:00', 'AOP41', 'AOP41', 'AOP41', '0', 'AOP41', 'AOP41', '0000-00-00 00:00:00', '3', '0000-00-00 00:00:00', null, null, 'FOB', '2', 'AOP41', '0', '6764e5a1-45e5-4229-a72a-7c5d72209b15', 'aeb1c7d3-9a54-4f73-b0ec-0325b83aef45', '0000-00-00 00:00:00', null, '0000-00-00 00:00:00');
INSERT INTO `contract` VALUES ('8a7e81ec5ac06f0d015ac06fbb850000', 'sz059', 'sz052', '0000-00-00 00:00:00', 'sz053', 'sz058', 'sz054', '1200', 'sz056', 'sz051', '0000-00-00 00:00:00', '3', '0000-00-00 00:00:00', null, null, 'FOB5', '2', 'sz057', '0', null, null, '0000-00-00 00:00:00', null, '0000-00-00 00:00:00');
INSERT INTO `contract` VALUES ('8a7e84fc587a6c8501587a6d3ed70000', 'JK359', 'JK352', '0000-00-00 00:00:00', 'JK353', 'JK358', 'JK354', '600', 'JK356', 'JK351', '0000-00-00 00:00:00', '3', '0000-00-00 00:00:00', null, null, 'FOB5', '2', 'JK357', '1', null, null, '0000-00-00 00:00:00', null, '0000-00-00 00:00:00');
INSERT INTO `contract` VALUES ('8a7e84175884728c0158848d37230000', 'OOP001', 'OOP001', '0000-00-00 00:00:00', 'OOP001', 'OOP001', 'OOP001', '0', 'OOP001', 'OOP001', '0000-00-00 00:00:00', '3', '0000-00-00 00:00:00', null, null, 'FOB', '2', 'OOP001', '0', null, null, '0000-00-00 00:00:00', null, '0000-00-00 00:00:00');
INSERT INTO `contract` VALUES ('8a7e84175884728c0158848fffa50001', 'OOP002', 'OOP002', '0000-00-00 00:00:00', 'OOP002', 'OOP002', 'OOP002', '0', 'OOP002', 'OOP002', '0000-00-00 00:00:00', '3', '0000-00-00 00:00:00', null, null, 'FOB', '2', 'OOP002', '0', '6424df15-963c-4218-8371-6ad000ef5a5a', 'aeb1c7d3-9a54-4f73-b0ec-0325b83aef45', '0000-00-00 00:00:00', null, '0000-00-00 00:00:00');
INSERT INTO `contract` VALUES ('8a7e8419593ddcf901593e0b20ed0000', 'OOP232', 'OOP232', '0000-00-00 00:00:00', 'OOP232', 'OOP232', 'OOP232', '0', 'OOP232', 'OOP232', '0000-00-00 00:00:00', '3', '0000-00-00 00:00:00', null, null, 'FOB', '2', 'OOP232', '0', '6424df15-963c-4218-8371-6ad000ef5a5a', 'aeb1c7d3-9a54-4f73-b0ec-0325b83aef45', '0000-00-00 00:00:00', null, '0000-00-00 00:00:00');
INSERT INTO `contract` VALUES ('8a7e8419593e0df101593e0f81780000', 'OOP23201', 'OOP23201', '0000-00-00 00:00:00', 'OOP23201', 'OOP23201', 'OOP23201', '0', 'OOP23201', 'OOP23201', '0000-00-00 00:00:00', '3', '0000-00-00 00:00:00', null, null, 'FOB', '2', 'OOP23201', '0', '6424df15-963c-4218-8371-6ad000ef5a5a', 'aeb1c7d3-9a54-4f73-b0ec-0325b83aef45', '0000-00-00 00:00:00', null, '0000-00-00 00:00:00');
INSERT INTO `contract` VALUES ('8a7e8419593e0df101593e10341b0001', 'AOP232', 'AOP232', '0000-00-00 00:00:00', 'AOP232', 'AOP232', 'AOP232', '0', 'AOP232', 'AOP232', '0000-00-00 00:00:00', '3', '0000-00-00 00:00:00', null, null, 'FOB', '2', 'AOP232', '0', '6764e5a1-45e5-4229-a72a-7c5d72209b15', 'aeb1c7d3-9a54-4f73-b0ec-0325b83aef45', '0000-00-00 00:00:00', null, '0000-00-00 00:00:00');
INSERT INTO `contract` VALUES ('4028817a3357462e0133591b86ec0002', '陕西杰信商务发展有限公司', 'C/3817/11', '0000-00-00 00:00:00', '杨丽', null, '吕晓波', '3859', '★   产品与封样无明显差异，唛头、标签及包装质量务必符合公司要求。 \r\n ★★  产品生成前期、中期、后期抽验率不得少于10%，质量和封样一致， \r\n       并将验货照片传回公司。 \r\n★★★ 重点客人的质量标准检验，产品抽验率不得少于50%，务必做到入箱前检查。 \r\n 交期：2011年12月15日/工厂,没有经过我司同意无故延期交货造成严重后果的，按照客人的相关要求处理。 \r\n 开票：出货后请将增值税发票、验货报告、合同复印件及出库单一并寄至我司，以便我司安排付款。', 'BEAKIE LEE', '0000-00-00 00:00:00', '1', '0000-00-00 00:00:00', null, null, null, '2', null, '2', null, null, '0000-00-00 00:00:00', null, '0000-00-00 00:00:00');
INSERT INTO `contract` VALUES ('4028817a3357462e01336cc0877b0010', '陕西杰信商务发展有限公司', '11JK1080', '0000-00-00 00:00:00', '杨丽', null, '吕晓波', '2318', '★   产品与封样无明显差异，唛头、标签及包装质量务必符合公司要求。 \r\n ★★  产品生成前期、中期、后期抽验率不得少于10%，质量和封样一致， \r\n       并将验货照片传回公司。 \r\n★★★ 重点客人的质量标准检验，产品抽验率不得少于50%，务必做到入箱前检查。 \r\n 交期：2011年12月10日/工厂。毛坯送至祁县瑞成玻璃镀膜厂。 \r\n       没有经过我司同意无故延期交货造成严重后果的，按照客人的相关要求处理。 \r\n 开票：出货后请将增值税发票、验货报告、合同复印件及出库单一并寄至我司，以便我司安排付款。', null, '0000-00-00 00:00:00', '3', '0000-00-00 00:00:00', null, null, null, '1', '待样品确认后方可安排生产', '2', null, null, '0000-00-00 00:00:00', null, '0000-00-00 00:00:00');
INSERT INTO `contract` VALUES ('4028817a3357462e01336d3a0be10014', '陕西杰信商务发展有限公司', '11JK1078', '0000-00-00 00:00:00', '杨丽', null, '李春光', '54120', '★   产品与封样无明显差异，唛头、标签及包装质量务必符合公司要求。 \r\n ★★  产品生成前期、中期、后期抽验率不得少于10%，质量和封样一致， \r\n       并将验货照片传回公司。 \r\n★★★ 重点客人的质量标准检验，产品抽验率不得少于50%，务必做到入箱前检查。 \r\n 交期：2011年11月15日/工厂。 \r\n       没有经过我司同意无故延期交货造成严重后果的，按照客人的相关要求处理。 \r\n 开票：出货后请将增值税发票、验货报告、合同复印件及出库单一并寄至我司，以便我司安排付款。', null, '0000-00-00 00:00:00', '3', '0000-00-00 00:00:00', null, null, null, '2', null, '2', null, null, '0000-00-00 00:00:00', null, '0000-00-00 00:00:00');
INSERT INTO `contract` VALUES ('4028817a3357462e01336d523195001a', '陕西杰信商务发展有限公司', 'C/3847/11', '0000-00-00 00:00:00', '杨丽', null, '李春光', '39240', '★   产品与封样无明显差异，唛头、标签及包装质量务必符合公司要求。 \r\n ★★  产品生成前期、中期、后期抽验率不得少于10%，质量和封样一致， \r\n       并将验货照片传回公司。 \r\n★★★ 重点客人的质量标准检验，产品抽验率不得少于50%，务必做到入箱前检查。\r\n 交期：2011年12月15日/工厂。 \r\n       没有经过我司同意无故延期交货造成严重后果的，按照客人的相关要求处理。 \r\n 开票：出货后请将增值税发票、验货报告、合同复印件及出库单一并寄至我司，以便我司安排付款。', 'HOME', '0000-00-00 00:00:00', '3', '0000-00-00 00:00:00', null, null, null, '2', null, '2', null, null, '0000-00-00 00:00:00', null, '0000-00-00 00:00:00');
INSERT INTO `contract` VALUES ('4028817a33812ffd0133813f25940001', '陕西杰信商务发展有限公司', 'C/3861/11', '0000-00-00 00:00:00', '杨丽', null, '吕晓波', '165378', '★   产品与封样无明显差异，唛头、标签及包装质量务必符合公司要求。 \r\n ★★  产品生产前期、中期、后期抽验率不得少于10%，质量和封样一致， \r\n       并将验货照片传回公司。 \r\n★★★ 重点客人的质量标准检验，产品抽验率不得少于50%，务必做到入箱前检查。 \r\n 包装：产品用白纸，瓦楞纸，气泡纸包裹后入内盒，大箱，大箱用胶带纸工字封口；\r\n 交期：2012年1月10日/工厂。 \r\n       没有经过我司同意无故延期交货造成严重后果的，按照客人的相关要求处理。 \r\n 开票：出货后请将增值税发票、验货报告、合同复印件及出库单一并寄至我司，以便我司安排付款。', 'HOME', '0000-00-00 00:00:00', '3', '0000-00-00 00:00:00', null, null, null, '2', null, '2', null, null, '0000-00-00 00:00:00', null, '0000-00-00 00:00:00');
INSERT INTO `contract` VALUES ('4028817a33812ffd013382048ff80024', '陕西杰信商务发展有限公司', '11JK1082', '0000-00-00 00:00:00', '杨丽', null, '李春光', '12300', '★   产品与封样无明显差异，唛头、标签及包装质量务必符合公司要求。 \r\n ★★  产品生成前期、中期、后期抽验率不得少于10%，质量和封样一致， \r\n       并将验货照片传回公司。 \r\n★★★ 重点客人的质量标准检验，产品抽验率不得少于50%，务必做到入箱前检查。 \r\n 包装：产品用白纸，瓦楞纸，气泡纸包裹后入内盒，大箱，大箱用胶带纸工字封口；\r\n 交期：2011年12月30日/工厂。  \r\n       没有经过我司同意无故延期交货造成严重后果的，按照客人的相关要求处理。 \r\n 开票：出货后请将增值税发票、验货报告、合同复印件及出库单一并寄至我司，以便我司安排付款。', 'MSA', '0000-00-00 00:00:00', '3', '0000-00-00 00:00:00', null, null, null, '2', null, '2', null, null, '0000-00-00 00:00:00', null, '0000-00-00 00:00:00');
INSERT INTO `contract` VALUES ('4028817a33812ffd0133821a8eb5002b', '陕西杰信商务发展有限公司', '11JK1084', '0000-00-00 00:00:00', '杨丽', null, '李春光', '10936', '★   产品与封样无明显差异，唛头、标签及包装质量务必符合公司要求。 \r\n ★★  产品生成前期、中期、后期抽验率不得少于10%，质量和封样一致， \r\n       并将验货照片传回公司。 \r\n★★★ 重点客人的质量标准检验，产品抽验率不得少于50%，务必做到入箱前检查。 \r\n 交期：2011年12月20日/工厂。毛坯送至祁县瑞成玻璃镀膜厂。 \r\n       没有经过我司同意无故延期交货造成严重后果的，按照客人的相关要求处理。 \r\n 开票：出货后请将增值税发票、验货报告、合同复印件及出库单一并寄至我司，以便我司安排付款。', 'ONE WORLD', '0000-00-00 00:00:00', '3', '0000-00-00 00:00:00', null, null, null, '2', null, '2', null, null, '0000-00-00 00:00:00', null, '0000-00-00 00:00:00');
INSERT INTO `contract` VALUES ('4028817a33d4f8b40133d9878e88000d', '陕西杰信商务发展有限公司', '11JK1070', '0000-00-00 00:00:00', '杨丽', null, null, '38612', '★   产品与封样无明显差异，唛头、标签及包装质量务必符合公司要求。 \r\n ★★  产品生成前期、中期、后期抽验率不得少于10%，质量和封样一致， \r\n       并将验货照片传回公司。 \r\n★★★ 重点客人的质量标准检验，产品抽验率不得少于50%，务必做到入箱前检查。 \r\n 交期：2011年11月5日/工厂。 \r\n       没有经过我司同意无故延期交货造成严重后果的，按照客人的相关要求处理。 \r\n 开票：出货后请将增值税发票、验货报告、合同复印件及出库单一并寄至我司，以便我司安排付款。', null, '0000-00-00 00:00:00', '3', '0000-00-00 00:00:00', null, null, null, '2', null, '2', null, null, '0000-00-00 00:00:00', null, '0000-00-00 00:00:00');
INSERT INTO `contract` VALUES ('4028817a33d4f8b40133d991a50d0019', '陕西杰信商务发展有限公司', '11JK1066', '0000-00-00 00:00:00', '杨丽', null, '李春光', '146184', '★   产品与封样无明显差异，唛头、标签及包装质量务必符合公司要求。 \r\n ★★  产品生成前期、中期、后期抽验率不得少于10%，质量和封样一致， \r\n       并将验货照片传回公司。 \r\n★★★ 重点客人的质量标准检验，产品抽验率不得少于50%，务必做到入箱前检查。 \r\n 交期：2011年12月5日/工厂。\r\n       没有经过我司同意无故延期交货造成严重后果的，按照客人的相关要求处理。 \r\n 开票：出货后请将增值税发票、验货报告、合同复印件及出库单一并寄至我司，以便我司安排付款。', null, '0000-00-00 00:00:00', '3', '0000-00-00 00:00:00', null, null, null, '2', '待样品确认后方可安排生产', '0', null, null, '0000-00-00 00:00:00', null, '0000-00-00 00:00:00');
INSERT INTO `contract` VALUES ('4028817a33d4f8b40133d9bea39b002f', '陕西杰信商务发展有限公司', '11JK1060', '0000-00-00 00:00:00', '杨丽', null, null, '152072', '★   产品与封样无明显差异，唛头、标签及包装质量务必符合公司要求。 \r\n ★★  产品生成前期、中期、后期抽验率不得少于10%，质量和封样一致， \r\n       并将验货照片传回公司。 \r\n★★★ 重点客人的质量标准检验，产品抽验率不得少于50%，务必做到入箱前检查。 \r\n 交期：2011年12月15日/工厂。\r\n       没有经过我司同意无故延期交货造成严重后果的，按照客人的相关要求处理。 \r\n 开票：出货后请将增值税发票、验货报告、合同复印件及出库单一并寄至我司，以便我司安排付款。', 'COACH HOUSE', '0000-00-00 00:00:00', '3', '0000-00-00 00:00:00', null, null, null, '2', null, '0', null, null, '0000-00-00 00:00:00', null, '0000-00-00 00:00:00');
INSERT INTO `contract` VALUES ('2c90c5004ad63735014ad6d204060005', null, '合同号：B', null, null, null, null, '0', null, '客户名称B', '0000-00-00 00:00:00', '3', '0000-00-00 00:00:00', null, null, null, '2', null, '2', 'e041f064-b115-4e19-b76e-b515d1fc1fa9', 'aeb1c7d3-9a54-4f73-b0ec-0325b83aef45', '0000-00-00 00:00:00', null, '0000-00-00 00:00:00');
INSERT INTO `contract` VALUES ('4028817a33fc4e280133fd81e7d7001d', '陕西杰信商务发展有限公司', '11JK1068', '0000-00-00 00:00:00', '杨丽', null, null, '102712', '★   产品与封样无明显差异，唛头、标签及包装质量务必符合公司要求。 \r\n ★★  产品生产前期、中期、后期抽验率不得少于10%，质量和封样一致， \r\n       并将验货照片传回公司。 \r\n★★★ 重点客人的质量标准检验，产品抽验率不得少于50%，务必做到入箱前检查。 \r\n 交期：2011年12月15日/工厂。\r\n       没有经过我司同意无故延期交货造成严重后果的，按照客人的相关要求处理。 \r\n 开票：出货后请将增值税发票、验货报告、合同复印件及出库单一并寄至我司，以便我司安排付款。', 'ELAD', '0000-00-00 00:00:00', '3', '0000-00-00 00:00:00', null, null, null, '2', null, '0', null, null, '0000-00-00 00:00:00', null, '0000-00-00 00:00:00');
INSERT INTO `contract` VALUES ('4028817a33fc4e280133fd9f8b4e002f', '陕西杰信商务发展有限公司', '11JK1072', '0000-00-00 00:00:00', '杨丽', null, null, '99918', '★   产品与封样无明显差异，唛头、标签及包装质量务必符合公司要求。 \r\n ★★  产品生产前期、中期、后期抽验率不得少于10%，质量和封样一致， \r\n       并将验货照片传回公司。 \r\n★★★ 重点客人的质量标准检验，产品抽验率不得少于50%，务必做到入箱前检查。 \r\n 交期：2011年12月15日/工厂。\r\n       没有经过我司同意无故延期交货造成严重后果的，按照客人的相关要求处理。 \r\n 开票：出货后请将增值税发票、验货报告、合同复印件及出库单一并寄至我司，以便我司安排付款。', 'BRISSI', '0000-00-00 00:00:00', '3', '0000-00-00 00:00:00', null, null, null, '2', null, '2', null, null, '0000-00-00 00:00:00', null, '0000-00-00 00:00:00');
INSERT INTO `contract` VALUES ('4028817a3420e78a013421a693730001', '陕西杰信商务发展有限公司', 'C/4040/11', '0000-00-00 00:00:00', '杨丽', null, '李春光', '114640', '★   产品与封样无明显差异，唛头、标签及包装质量务必符合公司要求。 \r\n ★★  产品生产前期、中期、后期抽验率不得少于10%，质量和封样一致， \r\n       并将验货照片传回公司。 \r\n★★★ 重点客人的质量标准检验，产品抽验率不得少于50%，务必做到入箱前检查。 \r\n 交期：2012年2月15日/工厂。\r\n       没有经过我司同意无故延期交货造成严重后果的，按照客人的相关要求处理。 \r\n 开票：出货后请将增值税发票、验货报告、合同复印件及出库单一并寄至我司，以便我司安排付款。', 'HOME', '0000-00-00 00:00:00', '1', '0000-00-00 00:00:00', null, null, null, '2', null, '2', null, null, '0000-00-00 00:00:00', null, '0000-00-00 00:00:00');
INSERT INTO `contract` VALUES ('4028817a353b8d8e01353d15008d0046', '陕西杰信商务发展有限公司', 'C/4104/11', '0000-00-00 00:00:00', '杨丽', null, null, '37749', '★   产品与封样无明显差异，唛头、标签及包装质量务必符合公司要求。 \r\n ★★  产品生产前期、中期、后期抽验率不得少于10%，质量和封样一致， \r\n       并将验货照片传回公司。 \r\n★★★ 重点客人的质量标准检验，产品抽验率不得少于50%，务必做到入箱前检查。 \r\n 交期：2012年2月15日/工厂。 \r\n       没有经过我司同意无故延期交货造成严重后果的，按照客人的相关要求处理。 \r\n 开票：出货后请将增值税发票、验货报告、合同复印件及出库单一并寄至我司，以便我司安排付款。', 'HOME', '0000-00-00 00:00:00', '3', '0000-00-00 00:00:00', null, null, 'T/T', '2', null, '2', null, null, '0000-00-00 00:00:00', null, '0000-00-00 00:00:00');
INSERT INTO `contract` VALUES ('402895c2515129200151514376b80002', 'F', 'F', '0000-00-00 00:00:00', 'F', 'F', 'F', '121', 'F', 'F', '0000-00-00 00:00:00', '3', '0000-00-00 00:00:00', null, null, 'F', '2', 'F', '0', null, null, '0000-00-00 00:00:00', null, '0000-00-00 00:00:00');
INSERT INTO `contract` VALUES ('402899d65088203101508831e1e60000', '中华烟草集团', 'xx-01-xxx-02', '0000-00-00 00:00:00', '郭中华', '郭中华', '郭尔获', null, null, 'xx', '0000-00-00 00:00:00', '3', '0000-00-00 00:00:00', null, null, null, '2', null, null, null, null, '0000-00-00 00:00:00', null, '0000-00-00 00:00:00');
INSERT INTO `contract` VALUES ('402899d650885c420150885d95cb0000', 'J2302', 'J2302', '0000-00-00 00:00:00', 'J2302', 'J2302', 'J2302', '1000', 'J2302', 'J2302', '0000-00-00 00:00:00', '3', '0000-00-00 00:00:00', null, null, 'FOB', '2', 'J2302', '0', '71a5a695-0ba5-4f0d-a0b5-0a304efde944', '4028827c4fb6202a014fb6209c730000', '0000-00-00 00:00:00', null, '0000-00-00 00:00:00');
INSERT INTO `contract` VALUES ('402899d650885c420150885e918e0001', 'J24', 'J24', '0000-00-00 00:00:00', 'J24', 'J24', 'J24', '0', 'J24', 'J24', '0000-00-00 00:00:00', '3', '0000-00-00 00:00:00', null, null, 'T/T', '2', 'J24', '0', '424b2d01-d812-4f30-be40-dcda14110118', '4028827c4fb6202a014fb6209c730000', '0000-00-00 00:00:00', null, '0000-00-00 00:00:00');
INSERT INTO `contract` VALUES ('4028a9bd515b2e8201515b3339860000', 'C1', 'C1', '0000-00-00 00:00:00', 'C1', 'C1', 'C1', '100', 'C1', 'C1', '0000-00-00 00:00:00', '3', '0000-00-00 00:00:00', null, null, 'T/T', '2', 'C1', '0', '5758571d-93c6-48f0-9e67-20a442779531', '4028827c4fb645b0014fb64668550000', '0000-00-00 00:00:00', null, '0000-00-00 00:00:00');
INSERT INTO `contract` VALUES ('4028a9bd515b3be301515b3d676f0000', 'D1', 'D1', '0000-00-00 00:00:00', 'D1', 'D1', 'D1', '0', 'D1', 'D1', '0000-00-00 00:00:00', '3', '0000-00-00 00:00:00', null, null, 'L/C', '2', 'D1', '1', '6f9f16c8-827b-4cc8-9e20-210aa82d1fcf', '4028827c4fb645b0014fb64668550000', '0000-00-00 00:00:00', null, '0000-00-00 00:00:00');
INSERT INTO `contract` VALUES ('8a7e845a58e13c3a0158e156b9210000', 'OOP003', 'OOP003', '0000-00-00 00:00:00', 'OOP003', 'OOP003', 'OOP003', '0', 'OOP003', 'OOP003', '0000-00-00 00:00:00', '3', '0000-00-00 00:00:00', null, null, 'FOB', '2', 'OOP003', '0', '6424df15-963c-4218-8371-6ad000ef5a5a', 'aeb1c7d3-9a54-4f73-b0ec-0325b83aef45', '0000-00-00 00:00:00', null, '0000-00-00 00:00:00');
INSERT INTO `contract` VALUES ('4028d3cf567275410156734fb6480000', 'CS', 'CS', '0000-00-00 00:00:00', 'CS', 'CS', 'CS', '0', '测试', 'CS', '0000-00-00 00:00:00', '3', '0000-00-00 00:00:00', null, null, 'FOB', '2', '测试', '0', 'e0de22fe-2c50-4216-ad75-ed0494d2dc92', '4028827c4fb6202a014fb6209c730000', '0000-00-00 00:00:00', null, '0000-00-00 00:00:00');
INSERT INTO `contract` VALUES ('8a7e84105823102a01582310fcd70000', 'FFFFB', 'FFFFB', '0000-00-00 00:00:00', 'FFFFB', 'FFFFB', 'FFFFB', '0', 'FFFFB', 'FFFFB', '0000-00-00 00:00:00', '3', '0000-00-00 00:00:00', null, null, 'FOB', '2', 'FFFFB', '0', null, null, '0000-00-00 00:00:00', null, '0000-00-00 00:00:00');

-- ----------------------------
-- Table structure for contract_product
-- ----------------------------
DROP TABLE IF EXISTS `contract_product`;
CREATE TABLE `contract_product` (
  `contract_product_id` varchar(40) NOT NULL,
  `contract_id` varchar(40) DEFAULT NULL,
  `factory_id` varchar(40) DEFAULT NULL,
  `factory_name` varchar(200) DEFAULT NULL COMMENT '冗余',
  `product_no` varchar(50) DEFAULT NULL,
  `product_image` varchar(200) DEFAULT NULL,
  `product_desc` varchar(600) DEFAULT NULL,
  `loading_rate` varchar(80) DEFAULT NULL COMMENT '报运：x/y',
  `box_num` bigint(11) DEFAULT NULL COMMENT '报运',
  `packing_unit` varchar(10) DEFAULT NULL COMMENT 'PCS/SETS',
  `cnumber` bigint(11) DEFAULT NULL,
  `out_number` bigint(11) DEFAULT NULL COMMENT '报运',
  `finished` int(11) DEFAULT NULL COMMENT '报运',
  `product_request` varchar(2000) DEFAULT NULL,
  `price` double(10,0) DEFAULT NULL,
  `amount` bigint(10) DEFAULT NULL COMMENT '自动计算: 数量x单价',
  `order_no` int(11) DEFAULT NULL,
  PRIMARY KEY (`contract_product_id`),
  KEY `contract_id` (`contract_id`),
  KEY `factory_id` (`factory_id`)
) ENGINE=MyISAM DEFAULT CHARSET=utf8;

-- ----------------------------
-- Records of contract_product
-- ----------------------------
INSERT INTO `contract_product` VALUES ('4028817a3357462e01336d5e8a590020', '4028817a3357462e01336d523195001a', '7', '天顺', '9954/6309', null, '1e15e517-af2a-45c9-8c1e-1f1b592f5f79.png', '竹节碗，喷绿色，喷漆，喷珠光\r\n直径：31CM\r\n4只/内盒', '4', 'PCS', '408', '408', '0', null, '12', '4692', '7');
INSERT INTO `contract_product` VALUES ('4028817a3357462e01336d5e8a590021', '4028817a3357462e01336d523195001a', '7', '天顺', '8709/6204', null, '1a6770a7-033c-4b98-9e2a-60cd2a5081c3.png', '怪虫小碗，喷蓝色，喷漆，喷珠光\r\n直径：18CM\r\n4只/内', '4', 'PCS', '600', '600', '0', null, '7', '3900', '2');
INSERT INTO `contract_product` VALUES ('4028817a3357462e01336d5e8a590022', '4028817a3357462e01336d523195001a', '7', '天顺', '9955/6105', null, '15c6d6ad-3608-4d73-83f3-23f605123b90.png', '竹节碗，喷紫色，喷漆，喷珠光\r\n直径：31CM\r\n4只/内盒', '4', 'PCS', '408', '408', '0', null, '12', '4692', '8');
INSERT INTO `contract_product` VALUES ('4028817a3357462e01336d5e8a590023', '4028817a3357462e01336d523195001a', '7', '天顺', '9227/6092', null, '0ffed7a5-6fd6-4b36-9387-7108bb408fdf.png', '海星盘，喷紫色，喷漆，喷珠光\r\n直径：30CM\r\n4只/内盒', '4', 'PCS', '408', '408', '0', null, '11', '4488', '4');
INSERT INTO `contract_product` VALUES ('4028817a33812ffd0133813f25a30002', '4028817a33812ffd0133813f25940001', '4', '精艺', '4993', '22.png', '3feb6071-7835-48b6-beca-e54202221c3b.png', '全明料死模风灯，电镀花银喷绿色 \r\n明料挺底\r\n尺寸：11.', '1', 'PCS', '300', '300', '0', null, '9', '2550', '1');
INSERT INTO `contract_product` VALUES ('4028817a33812ffd0133813f25a30003', '4028817a33812ffd0133813f25940001', '4', '精艺', '4994', '23.png', '56ada31d-acfc-4261-b28d-8be65ba2a21e.png', '全明料死模风灯，电镀花银喷蓝色\r\n明料挺底\r\n尺寸：11.5', '1', 'PCS', '300', '300', '0', null, '9', '2550', '2');
INSERT INTO `contract_product` VALUES ('4028817a33812ffd0133813f25a30004', '4028817a33812ffd0133813f25940001', '4', '精艺', '4995', '24.png', '9eb0c66c-d682-4f19-b89a-1a4808da5456.png', '全明料死模风灯，电镀花银喷紫色\r\n明料挺底\r\n尺寸：11.5', '1', 'PCS', '300', '300', '0', null, '9', '2550', '3');
INSERT INTO `contract_product` VALUES ('4028817a33812ffd0133816aacc40005', '4028817a33812ffd0133813f25940001', '2', '光华', '9868', '01.png', 'ba10c6b0-34b7-4911-a45c-cc282cf8072d.png', '全明料喇叭底糖缸配盖子\r\n尺寸：16X40CM高\r\n1只/上', '1', 'PCS', '600', '600', '0', null, '16', '9600', '27');
INSERT INTO `contract_product` VALUES ('4028817a33812ffd0133816aacc40006', '4028817a33812ffd0133813f25940001', '7', '天顺', '5099', '14.png', 'd38c8874-e641-4c59-9f6d-eb07df231d44.png', '全明料钻石蛋糕盘粘底座\r\n喷蓝色，喷漆\r\n尺寸：23X11.', '1', 'PCS', '300', '300', '0', null, '11', '3300', '9');
INSERT INTO `contract_product` VALUES ('4028817a33812ffd0133816aacc40007', '4028817a33812ffd0133813f25940001', '4028817a33d4f8b40133d9989f5e0024', '民鑫', '5094', '20.png', '662d9320-a8b7-4957-8d73-e4560e12e0e7.png', '全明料冰花风灯，粘电镀底座  \r\n尺寸：15.8X32CM高', '1', 'PCS', '300', '300', '0', null, '15', '4350', '7');
INSERT INTO `contract_product` VALUES ('4028817a33812ffd0133816aacc40008', '4028817a33812ffd0133813f25940001', '2', '光华', '5189', '02.png', 'a2a503a3-f0cd-49b4-b05c-8ea55ecbe2bf.png', '全明料竖棱风灯，粘电镀底座\r\n底座由我司提供\r\n尺寸：20X', '1', 'PCS', '300', '300', '0', null, '14', '4200', '12');
INSERT INTO `contract_product` VALUES ('4028817a33812ffd0133816aacc40009', '4028817a33812ffd0133813f25940001', '4', '精艺', '5331', '25.png', '1b211d97-1def-49c6-90a8-8097bbd07f68.png', '全明料死模风灯，电镀花银喷绿色\r\n\r\n尺寸：17X23CM高', '1', 'PCS', '300', '300', '0', null, '12', '3450', '13');
INSERT INTO `contract_product` VALUES ('4028817a33812ffd0133816aacc4000a', '4028817a33812ffd0133813f25940001', '4028817a33d4f8b40133d9989f5e0024', '民鑫', '5095', '21.png', '7b5d7395-40b4-45ad-9c42-c7050e232448.png', '全明料冰花风灯，粘明料底座 \r\n尺寸：15.8X32CM高\r', '1', 'PCS', '300', '300', '0', null, '14', '4200', '8');
INSERT INTO `contract_product` VALUES ('4028817a33812ffd0133816aacd4000b', '4028817a33812ffd0133813f25940001', '2', '光华', '843MA', '03.png', 'c0229e90-0a5b-438d-8b07-4acd238b142b.png', '全明料喇叭底糖缸，带盖子\r\n盖子：10CMX10.3CM高', '1', 'PCS', '600', '600', '0', null, '16', '9600', '21');
INSERT INTO `contract_product` VALUES ('4028817a33812ffd0133816aacd4000c', '4028817a33812ffd0133813f25940001', '4', '精艺', '4997', '27.png', '0fdad1e1-452c-4ae4-a354-49688bd41778.png', '全明料死模风灯，电镀花银喷蓝色  \r\n明料挺底  \r\n尺寸：11', '1', 'PCS', '300', '300', '0', null, '11', '3150', '5');
INSERT INTO `contract_product` VALUES ('4028817a33812ffd0133816aacd4000d', '4028817a33812ffd0133813f25940001', '4', '精艺', '4996', '26.png', '7ae6c20e-0f57-4fab-9e40-22d1a486e943.png', '全明料死模风灯，电镀花银喷绿色\r\n明料挺底\r\n尺寸：11.5', '1', 'PCS', '300', '300', '0', null, '11', '3150', '4');
INSERT INTO `contract_product` VALUES ('4028817a33812ffd0133816aacd4000e', '4028817a33812ffd0133813f25940001', '2', '光华', '600MA', '05.png', '958fe4fb-db40-4977-bf2e-2c2db29d65f3.png', '全明料蛋糕盘+罩子,磨口抛光\r\n蛋糕罩子尺寸：17.5X15', '1', 'PCS', '600', '600', '0', null, '18', '10800', '17');
INSERT INTO `contract_product` VALUES ('4028817a33812ffd0133816aacd4000f', '4028817a33812ffd0133813f25940001', '2', '光华', '602MA', '06.png', '624ab3d2-12f3-4dd8-b438-c03a3018b170.png', '全明平光蛋糕盘+罩子,磨口抛光\r\n蛋糕罩子尺寸：17.5X1', '1', 'PCS', '600', '600', '0', null, '19', '11400', '18');
INSERT INTO `contract_product` VALUES ('4028817a33812ffd0133816aacd40010', '4028817a33812ffd0133813f25940001', '2', '光华', '8759', '07.png', 'f92f57f8-65de-42be-9814-bad100059d23.png', '全明料竖棱糖缸配盖子\r\n尺寸：16.5X40CM高\r\n1只/', '1', 'PCS', '600', '600', '0', null, '15', '9000', '25');
INSERT INTO `contract_product` VALUES ('4028817a3357462e01336d3a0be10018', '4028817a3357462e01336d3a0be10014', '1', '宏艺', 'JK1014005', '09.png', '9ed4ab1e-d425-4b8d-beb3-1fa6dc63d1df.png', '全明料低口杯，烤鱼白花纸\r\n尺寸：7.3X10.5CM高\r\n', '4', 'PCS', '1800', '1800', '0', null, '5', '9540', '4');
INSERT INTO `contract_product` VALUES ('4028817a3357462e01336d3a0be10019', '4028817a3357462e01336d3a0be10014', '1', '宏艺', 'JK1080766-3', '03.png', '21b5e24a-a58a-4a58-a705-1595faeec581.png', '全明料低口杯，烤3种不同的白花纸\r\n尺寸：7.3X10.5C', '3', 'PCS', '1800', '1800', '0', null, '5', '9540', '1');
INSERT INTO `contract_product` VALUES ('4028817a3357462e01336d523195001b', '4028817a3357462e01336d523195001a', '7', '天顺', '8708/6203', null, '1bab511c-4f4c-4de7-8b65-4ccdcd00a569.png', '怪虫小碗，喷紫色，喷漆，喷珠光\r\n直径：18CM\r\n4只/内', '4', 'PCS', '600', '600', '0', null, '7', '3900', '1');
INSERT INTO `contract_product` VALUES ('4028817a3357462e01336d5e8a59001c', '4028817a3357462e01336d523195001a', '7', '天顺', '9749/6525', null, '143a4aa8-894d-4226-a461-eac712567360.png', '怪虫碗，喷绿色，喷漆，喷珠光\r\n直径：18CM\r\n4只/内盒', '4', 'PCS', '600', '600', '0', null, '7', '3900', '6');
INSERT INTO `contract_product` VALUES ('4028817a3357462e01336d5e8a59001d', '4028817a3357462e01336d523195001a', '7', '天顺', '9226/6116', null, 'fcf3f5a9-a405-4f33-abb9-f317c60f1453.png', '海星盘，喷绿色，喷漆，喷珠光\r\n直径：31CM\r\n4只/内盒', '4', 'PCS', '408', '408', '0', null, '11', '4488', '3');
INSERT INTO `contract_product` VALUES ('4028817a3357462e01336d5e8a59001e', '4028817a3357462e01336d523195001a', '7', '天顺', '9748/6115', null, '657ac46a-bd23-4a2d-9abe-c552a8fc3727.png', '海星盘，喷蓝色，喷漆，喷珠光\r\n直径：31CM\r\n4只/内盒', '4', 'PCS', '408', '408', '0', null, '11', '4488', '5');
INSERT INTO `contract_product` VALUES ('4028817a3357462e01336d5e8a59001f', '4028817a3357462e01336d523195001a', '7', '天顺', '9956/6308', null, '1ca7fc1c-aad2-4f1e-8c3b-9a1009e22c04.png', '竹节碗，喷蓝色，喷漆，喷珠光\r\n直径：31CM\r\n4只/内盒', '4', 'PCS', '408', '408', '0', null, '12', '4692', '9');
INSERT INTO `contract_product` VALUES ('4028817a33812ffd0133816aacd40011', '4028817a33812ffd0133813f25940001', '2', '光华', '6998', '04.png', '3be8121c-867d-4745-bebf-3844e6a05589.png', '全明料蛋糕盘+蛋糕罩 \r\n盘子沿电镀，罩子上珠描白金。\r\n尺', '1', 'PCS', '300', '300', '0', null, '19', '5700', '20');
INSERT INTO `contract_product` VALUES ('4028817a33812ffd0133816aacd40012', '4028817a33812ffd0133813f25940001', '2', '光华', '5118', '08.png', '635cdf31-8e48-45f3-886c-5fffd532175b.png', '全明料蛋糕盘+罩子\r\n罩子上烤白金字母花纸（SWEETS)\r', '1', 'PCS', '300', '300', '0', null, '16', '4800', '11');
INSERT INTO `contract_product` VALUES ('4028817a33812ffd0133816aacd40013', '4028817a33812ffd0133813f25940001', '7', '天顺', '8708', '15.png', '39b3ac6f-fb30-4b37-8fff-a07fb88aef15.png', '怪虫小碗，喷紫色，喷漆，喷珠光\r\n尺寸：18CX9CM高\r\n', '1', 'PCS', '600', '600', '0', null, '7', '3900', '23');
INSERT INTO `contract_product` VALUES ('4028817a33812ffd0133816aacd40014', '4028817a33812ffd0133813f25940001', '4', '精艺', '5336', '29.png', '466ba3d1-94b5-44ca-92c9-98631bf3b92b.png', '全明料死模风灯，电镀花银喷绿色  \r\n   \r\n尺寸：14.5X', '1', 'PCS', '300', '300', '0', null, '8', '2400', '14');
INSERT INTO `contract_product` VALUES ('4028817a33812ffd0133816aacd40015', '4028817a33812ffd0133813f25940001', '4', '精艺', '5337', '28.png', '78ff069b-327e-488e-a629-b76bed0efb98.png', '全明料死模风灯，电镀花银喷蓝色\r\n\r\n尺寸：14.5X20C', '1', 'PCS', '300', '300', '0', null, '8', '2400', '15');
INSERT INTO `contract_product` VALUES ('4028817a33812ffd0133816aacd40016', '4028817a33812ffd0133813f25940001', '2', '光华', '603MA', '09.png', 'ea12f8ba-afc1-4651-bc10-432c85fcb091.png', '全明平光蛋糕盘+罩子,磨口抛光\r\n蛋糕罩子尺寸：17.5X1', '1', 'PCS', '600', '600', '0', null, '20', '12000', '19');
INSERT INTO `contract_product` VALUES ('4028817a33812ffd0133816aacd40017', '4028817a33812ffd0133813f25940001', '2', '光华', '5117', '10.png', '4f7fdc19-c276-47da-aced-5cec4e02be08.png', '全明料蛋糕盘+罩子\r\n罩上烤白金字母花纸（SWEETS)\r\n', '1', 'PCS', '300', '300', '0', null, '17', '5100', '10');
INSERT INTO `contract_product` VALUES ('4028817a33812ffd0133816aacd40018', '4028817a33812ffd0133813f25940001', '4', '精艺', '5400', '31.png', '3b810117-19c6-446e-886f-d3b2fd5ba411.png', '全明料死模风灯，电镀花银喷蓝色\r\n \r\n尺寸：17X23CM', '1', 'PCS', '300', '300', '0', null, '12', '3450', '16');
INSERT INTO `contract_product` VALUES ('4028817a33812ffd0133816aacd40019', '4028817a33812ffd0133813f25940001', '4', '精艺', '4998', '30.png', '0c400655-fb24-4781-aae1-eaa30e31ad4c.png', '全明料死模风灯，电镀花银喷紫色\r\n明料挺底\r\n尺寸：11.5', '1', 'PCS', '300', '300', '0', null, '11', '3150', '6');
INSERT INTO `contract_product` VALUES ('4028817a33812ffd0133816aacd4001a', '4028817a33812ffd0133813f25940001', '2', '光华', '8760', '11.png', '2aaba753-e5d2-4c42-badf-cc16acf81d2b.png', '全明料竖棱糖缸配盖子\r\n尺寸：16.5X51CM高\r\n\r\n1', '1', 'PCS', '600', '600', '0', null, '16', '9600', '26');
INSERT INTO `contract_product` VALUES ('4028817a33812ffd0133816aacd4001b', '4028817a33812ffd0133813f25940001', '2', '光华', '844MA', '12.png', '6f6f097f-ae83-4ecb-80c6-ec1e93353985.png', '全明料糖缸带盖子\r\n盖子：9.3X13.3CM高 壁厚3MM', '1', 'PCS', '600', '600', '0', null, '16', '9600', '22');
INSERT INTO `contract_product` VALUES ('4028817a33812ffd0133816aacd4001c', '4028817a33812ffd0133813f25940001', '2', '光华', '9869', '13.png', 'be81bc6b-610b-45fa-bb8b-5156d8de9d52.png', '全明料喇叭底糖缸配盖子\r\n尺寸：19X40CM高\r\n1只/上', '1', 'PCS', '600', '600', '0', null, '16', '9600', '28');
INSERT INTO `contract_product` VALUES ('4028817a33812ffd0133816aacd4001d', '4028817a33812ffd0133813f25940001', '7', '天顺', '8709', '16.png', 'd33ee976-4d35-4990-ae41-eebee8989f5a.png', '怪虫小碗，喷蓝色，喷漆，喷珠光\r\n尺寸：18CMX9CM高\r', '1', 'PCS', '600', '600', '0', null, '7', '3900', '24');
INSERT INTO `contract_product` VALUES ('4028817a33812ffd013382048ff80026', '4028817a33812ffd013382048ff80024', '1', '宏艺', '20-37-265/JK1050163', null, 'e96667ee-d5e9-43d1-bac0-758593c56629.png', '全明料蛋糕盘+罩子\r\n罩子烤蒙砂白花纸，花纸我司供\r\n尺寸：', '1', 'PCS', '1200', '1200', '0', null, '11', '13200', '2');
INSERT INTO `contract_product` VALUES ('4028817a33812ffd0133821a8eb5002c', '4028817a33812ffd0133821a8eb5002b', '1', '宏艺', 'JK110102', null, 'e4df38d5-f0d9-4f91-99c6-240addaa36a3.png', '全明料平光蛋糕罩配钻石盘子\r\n罩子上粘小鸟，小鸟和钻石盘我司', '1', 'PCS', '150', '150', '0', null, '32', '4800', '2');
INSERT INTO `contract_product` VALUES ('4028817a33812ffd0133821a8eb5002d', '4028817a33812ffd0133821a8eb5002b', '1', '宏艺', 'JK110101', null, 'bfd61df4-61b5-492c-b11c-7d19b63f5cf1.png', '全明料平光蛋糕罩配钻石盘子\r\n罩子上粘小鸟，小鸟和钻石盘我司', '1', 'PCS', '152', '152', '0', null, '22', '3344', '1');
INSERT INTO `contract_product` VALUES ('4028817a33d4f8b40133d9878e88000e', '4028817a33d4f8b40133d9878e88000d', '13', '平遥鸿艺', 'JK1060019/11990', null, null, '全明料密直棱低口杯\r\n尺寸：9X10.5CM高\r\n4只/五层', '4', 'PCS', '696', '696', '0', null, '5', '3480', '6');
INSERT INTO `contract_product` VALUES ('4028817a33d4f8b40133d9878e88000f', '4028817a33d4f8b40133d9878e88000d', '13', '平遥鸿艺', 'JK103134/11989', null, null, '全明料密直棱香槟杯\r\n尺寸：9X21CM高\r\n4只/五层内盒', '4', 'PCS', '832', '832', '0', null, '6', '4992', '7');
INSERT INTO `contract_product` VALUES ('4028817a33d4f8b40133d9878e880010', '4028817a33d4f8b40133d9878e88000d', '1', '宏艺', 'JK1050152/11306', null, null, '全明料酒杯，口部描1CM白金边\r\n尺寸：7X26CM高\r\n4', '4', 'PCS', '608', '608', '0', null, '9', '5168', '1');
INSERT INTO `contract_product` VALUES ('4028817a33d4f8b40133d9878e880011', '4028817a33d4f8b40133d9878e88000d', '2', '光华', 'JK103233/11301', null, null, '全明料糖缸配盖子，糖缸刻钻石描亮油\r\n尺寸：11X30.5C', '1', 'PCS', '12', '12', '0', null, '18', '216', '11');
INSERT INTO `contract_product` VALUES ('4028817a33d4f8b40133d9878e880012', '4028817a33d4f8b40133d9878e88000d', '1', '宏艺', 'JK1050068/11314', null, null, '全明料马丁尼，口部描1CM白金边\r\n尺寸：12X19CM高\r', '4', 'PCS', '608', '608', '0', null, '11', '6810', '3');
INSERT INTO `contract_product` VALUES ('4028817a33d4f8b40133d9878e880013', '4028817a33d4f8b40133d9878e88000d', '2', '光华', 'JK1050317/12006', null, null, '全明料糖缸配盖子，糖缸刻交叉麦穗花\r\n尺寸：10.5X14C', '1', 'PCS', '168', '168', '0', null, '10', '1596', '9');
INSERT INTO `contract_product` VALUES ('4028817a33d4f8b40133d9878e880015', '4028817a33d4f8b40133d9878e88000d', '2', '光华', 'JK1050316/12005', null, 'undefined', '全明料糖缸配盖子，糖缸刻交叉麦穗花\r\n尺寸：15X15CM高', '1', 'PCS', '162', '162', '0', null, '13', '2025', '10');
INSERT INTO `contract_product` VALUES ('4028817a33d4f8b40133d9878e880016', '4028817a33d4f8b40133d9878e88000d', '2', '光华', 'JK1050201/12078', null, 'undefined', '全明料蛋糕罩配盘子，罩子上烤花纸\r\n罩子尺寸：15X11.5', '1', 'PCS', '204', '204', '0', null, '18', '3672', '4');
INSERT INTO `contract_product` VALUES ('4028817a33d4f8b40133d9878e880017', '4028817a33d4f8b40133d9878e88000d', '1', '宏艺', 'JK1050154/11308', null, 'undefined', '全明料香槟杯，口部描1CM白金边\r\n尺寸：5X29CM高\r\n', '4', 'PCS', '704', '704', '0', null, '8', '5280', '2');
INSERT INTO `contract_product` VALUES ('4028817a33d4f8b40133d9878e880018', '4028817a33d4f8b40133d9878e88000d', '13', '平遥鸿艺', 'JK103136/11988', null, 'undefined', '全明料密直棱酒杯，底厚要求5MM\r\n尺寸：9X17.5CM高', '4', 'PCS', '928', '928', '0', null, '6', '5846', '5');
INSERT INTO `contract_product` VALUES ('4028817a33d4f8b40133d991a50d001a', '4028817a33d4f8b40133d991a50d0019', 'ff808081301885760130189e47ca0013', '文水志远', 'JK1040446/JK446', null, 'undefined', '全明料糖缸配盖子，普通底\r\n尺寸：16.5X50CM高\r\n1', '1', 'PCS', '600', '600', '0', null, '25', '15000', '7');
INSERT INTO `contract_product` VALUES ('4028817a33d4f8b40133d991a50d001b', '4028817a33d4f8b40133d991a50d0019', '2', '光华', 'JK1040364/JK364', null, 'undefined', '全明料糖缸配盖子\r\n尺寸：19X39CM高\r\n1只/上下保丽', '1', 'PCS', '600', '600', '0', null, '25', '15000', '6');
INSERT INTO `contract_product` VALUES ('4028817a33d4f8b40133d991a50d001c', '4028817a33d4f8b40133d991a50d0019', '2', '光华', 'JK1050316/JK316', null, 'undefined', '全明料糖缸，刻麦穗花不描亮油。\r\n盖子电镀，电镀我司安排。\r', '1', 'PCS', '600', '600', '0', null, '12', '7200', '2');
INSERT INTO `contract_product` VALUES ('4028817a33d4f8b40133d991a50d001d', '4028817a33d4f8b40133d991a50d0019', '1', '宏艺', 'JK1050166/JK166', null, 'undefined', '全明料糖缸，刻花不描亮油。\r\n尺寸：12.5X26.5CM高', '1', 'PCS', '600', '600', '0', null, '16', '9600', '1');
INSERT INTO `contract_product` VALUES ('4028817a33d4f8b40133d991a50d001e', '4028817a33d4f8b40133d991a50d0019', '4', '精艺', 'JK103694/JK694', null, 'undefined', '套6全明料死模低口杯\r\n尺寸：8X12.5CM高\r\n1套/白', '1', 'PCS', '480', '480', '0', null, '24', '11520', '4');
INSERT INTO `contract_product` VALUES ('4028817a33d4f8b40133d991a50d001f', '4028817a33d4f8b40133d991a50d0019', 'ff808081301885760130189e47ca0013', '文水志远', 'JK103956/JK956', null, 'undefined', '全明料蛋糕罩配盘子\r\n盘子我司安排\r\n罩子尺寸：33X14X', '1', 'PCS', '480', '480', '0', null, '27', '12960', '5');
INSERT INTO `contract_product` VALUES ('4028817a33d4f8b40133d991a50d0020', '4028817a33d4f8b40133d991a50d0019', '4', '精艺', 'JK103693/JK693', null, 'undefined', '套6全明料死模低口杯\r\n尺寸：7.3X10.5CM高\r\n1套', '1', 'PCS', '184', '184', '0', null, '21', '3864', '3');
INSERT INTO `contract_product` VALUES ('4028817a33d4f8b40133d9be557b0029', '4028817a33d4f8b40133d991a50d0019', '9', '华艺', 'J859101549/JK549', null, null, '全明料蛋糕盘\r\n尺寸：直径33.5CM\r\n2只/五层内盒  ', '2', 'PCS', '1200', '1200', '0', null, '10', '12000', '12');
INSERT INTO `contract_product` VALUES ('4028817a33d4f8b40133d9be557b002a', '4028817a33d4f8b40133d991a50d0019', '4028817a33d4f8b40133d9989f5e0024', '民鑫', 'JK1060338/JK338', null, null, '全明料机压直棱糖缸\r\n尺寸：15.5X15.5CM 高\r\n1', '1', 'PCS', '2400', '2400', '0', null, '7', '17160', '8');
INSERT INTO `contract_product` VALUES ('4028817a33d4f8b40133d9be557b002b', '4028817a33d4f8b40133d991a50d0019', '9', '华艺', 'JK103209/JK209', null, null, '全明料2层钻石蛋糕盘，配喷塑铁架\r\n铁架我司供\r\n大盘尺寸：', '1', 'PCS', '1200', '1200', '0', null, '13', '15600', '11');
INSERT INTO `contract_product` VALUES ('4028817a33d4f8b40133d9be557b002c', '4028817a33d4f8b40133d991a50d0019', '9', '华艺', 'JK1031007-LP/JK007/1', null, null, '全明料钻石蛋糕盘，粘底座\r\n尺寸：30X11.5CM高\r\n1', '1', 'PCS', '600', '600', '0', null, '11', '6300', '13');
INSERT INTO `contract_product` VALUES ('4028817a33d4f8b40133d9be557b002d', '4028817a33d4f8b40133d991a50d0019', '1', '宏艺', 'JK1050128/JK0128', null, null, '全明料三层糖缸，刻麦穗花\r\n尺寸：12X22.5CM\r\n1套', '1', 'PCS', '600', '600', '0', null, '19', '11100', '9');
INSERT INTO `contract_product` VALUES ('4028817a33d4f8b40133d9be557b002e', '4028817a33d4f8b40133d991a50d0019', '2', '光华', 'JK103176/JK176', null, null, '全明料糖缸，刻花，不带盖子\r\n尺寸：20X14.5CM高\r\n', '1', 'PCS', '480', '480', '0', null, '19', '8880', '10');
INSERT INTO `contract_product` VALUES ('4028817a33d4f8b40133d9bea39b0030', '4028817a33d4f8b40133d9bea39b002f', '1', '宏艺', 'JK1050806/JK032', null, 'undefined', '套6全明料香槟杯，电镀渐变色\r\n尺寸：5.7X25CM高\r\n', '1', 'PCS', '320', '320', '0', null, '32', '10176', '6');
INSERT INTO `contract_product` VALUES ('4028817a33d4f8b40133d9bea39b0031', '4028817a33d4f8b40133d9bea39b002f', '4', '精艺', 'JK045/JK1060426', null, 'undefined', '套6紫色碗明挺底香槟杯\r\n尺寸：8X17CM高\r\n1套/五层', '1', 'PCS', '240', '240', '0', null, '34', '8064', '9');
INSERT INTO `contract_product` VALUES ('4028817a33d4f8b40133d9bea39b0032', '4028817a33d4f8b40133d9bea39b002f', '1', '宏艺', 'JK1050807/JK033', null, 'undefined', '套6全明料酒杯，电镀渐变色\r\n尺寸：8X24CM高\r\n1套/', '1', 'PCS', '300', '300', '0', null, '35', '10440', '7');
INSERT INTO `contract_product` VALUES ('4028817a33d4f8b40133d9bea39b0033', '4028817a33d4f8b40133d9bea39b002f', '4028817a33d4f8b40133d9989f5e0024', '民鑫', 'JK040/JK1060338', null, 'undefined', '全明料机压竖棱糖缸\r\n尺寸：15.5X15.5CM\r\n1只/', '1', 'PCS', '3000', '3000', '0', null, '8', '24120', '3');
INSERT INTO `contract_product` VALUES ('4028817a33d4f8b40133d9bea39b0034', '4028817a33d4f8b40133d9bea39b002f', '4', '精艺', 'JK044/JK1060425', null, 'undefined', '套6紫色碗明挺底红酒杯\r\n尺寸：8X20CM高\r\n1套/五层', '1', 'PCS', '240', '240', '0', null, '35', '8352', '8');
INSERT INTO `contract_product` VALUES ('4028817a33d4f8b40133d9bea39b0035', '4028817a33d4f8b40133d9bea39b002f', '1', '宏艺', 'JK019/J859100824', null, 'undefined', '套4全明料酒杯，口部描2.5CM宽白金边\r\n尺寸：8.4X2', '1', 'PCS', '320', '320', '0', null, '58', '18560', '2');
INSERT INTO `contract_product` VALUES ('4028817a33d4f8b40133d9bea39b0036', '4028817a33d4f8b40133d9bea39b002f', '1', '宏艺', 'JK018/J859100826', null, 'undefined', '套4全明料香槟杯，口部描2.5CM宽白金边\r\n尺寸：4.7X', '1', 'PCS', '300', '300', '0', null, '40', '12000', '1');
INSERT INTO `contract_product` VALUES ('4028817a33d4f8b40133d9bea39b0037', '4028817a33d4f8b40133d9bea39b002f', '3', '会龙', 'JK041/JK1060339', null, 'undefined', '全明料蒙古包糖缸\r\n尺寸：9X11CM高\r\n1只/五层内盒 ', '1', 'PCS', '3000', '3000', '0', null, '4', '12000', '4');
INSERT INTO `contract_product` VALUES ('4028817a33d4f8b40133d9bea39b0038', '4028817a33d4f8b40133d9bea39b002f', '1', '宏艺', 'JK020/J859100825', null, 'undefined', '套4全明料马丁尼，口部描2.5CM白金边\r\n尺寸：11.8X', '1', 'PCS', '300', '300', '0', null, '70', '21000', '5');
INSERT INTO `contract_product` VALUES ('4028817a33f7960d0133f8d912ba0005', '4028817a33812ffd0133821a8eb5002b', '9', '华艺', 'JK110102', null, null, '全明料钻石盘子\r\n盘子尺寸：29.5X11.5CM\r\n安全包', '1', 'PCS', '150', '150', '0', null, '10', '1500', '3');
INSERT INTO `contract_product` VALUES ('4028817a33f7960d0133f8d912ba0006', '4028817a33812ffd0133821a8eb5002b', '9', '华艺', 'JK110101', null, null, '全明料钻石盘子\r\n盘子尺寸：23X11.5CM\r\n安全包装送', '1', 'PCS', '152', '152', '0', null, '9', '1292', '4');
INSERT INTO `contract_product` VALUES ('4028817a33fc4e280133fcdb13f4000e', '4028817a33d4f8b40133d9bea39b002f', '1', '宏艺', 'JK052/JK1070691', null, null, '套4全明料马丁尼\r\n尺寸：12.5X19.5CM高\r\n1套/', '1', 'PCS', '300', '300', '0', null, '30', '9000', '12');
INSERT INTO `contract_product` VALUES ('4028817a33fc4e280133fcdb13f4000f', '4028817a33d4f8b40133d9bea39b002f', '5', '汇越', 'JK050/JK1070690', null, null, '套4全明料白酒杯，钻石挺\r\n尺寸：8.6X23CM高\r\n1套', '1', 'PCS', '300', '300', '0', null, '23', '6960', '11');
INSERT INTO `contract_product` VALUES ('4028817a33fc4e280133fcdb13f40010', '4028817a33d4f8b40133d9bea39b002f', '2', '光华', 'JK046/JK1050201', null, null, '全明料蛋糕盘+罩子\r\n罩子上烤蒙砂白花纸\r\n距口部1CM处，', '1', 'PCS', '600', '600', '0', null, '19', '11400', '10');
INSERT INTO `contract_product` VALUES ('4028817a33fc4e280133fd81e7d7001e', '4028817a33fc4e280133fd81e7d7001d', '2', '光华', '169280', null, null, '全明料蛋糕盘+罩子  \r\n距离罩子口部3CM烤字母花纸  \r\n', '1', 'PCS', '100', '100', '0', null, '32', '3200', '10');
INSERT INTO `contract_product` VALUES ('4028817a33fc4e280133fd81e7d7001f', '4028817a33fc4e280133fd81e7d7001d', '1', '宏艺', 'J859102682/113860', null, null, '全明料糖缸，烤字母白花纸\r\nSTORAGE ONLY\r\n尺寸', '1', 'PCS', '300', '300', '0', null, '16', '4800', '5');
INSERT INTO `contract_product` VALUES ('4028817a33fc4e280133fd81e7d70020', '4028817a33fc4e280133fd81e7d7001d', '4', '精艺', 'JK1080435', null, null, '全明料球形瓶子，刻花，描亮油\r\n\r\n尺寸:9.5X10.5C', '1', 'PCS', '1008', '1008', '0', null, '9', '9072', '4');
INSERT INTO `contract_product` VALUES ('4028817a33fc4e280133fd81e7d70021', '4028817a33fc4e280133fd81e7d7001d', '2', '光华', '123540', null, null, '全明料蛋糕盘子+罩子\r\n罩子上烤字母（HIGH TEA）花纸', '1', 'PCS', '100', '100', '0', null, '22', '2200', '9');
INSERT INTO `contract_product` VALUES ('4028817a33fc4e280133fd81e7d70022', '4028817a33fc4e280133fd81e7d7001d', '3', '会龙', 'JK1052446/158080', null, null, '全明料酒壶，杯身烤白色字母花纸\r\n \r\n尺寸：7.8X22.', '1', 'PCS', '702', '702', '0', null, '17', '11583', '6');
INSERT INTO `contract_product` VALUES ('4028817a33fc4e280133fd81e7d70023', '4028817a33fc4e280133fd81e7d7001d', 'ff808081301885760130189e47ca0013', '文水志远', '62145', null, null, '全明料蛋糕罩子\r\n\r\n尺寸：30.3X11.5X15CM\r\n', '1', 'PCS', '504', '504', '0', null, '27', '13608', '2');
INSERT INTO `contract_product` VALUES ('4028817a33fc4e280133fd81e7d70024', '4028817a33fc4e280133fd81e7d7001d', 'ff808081301885760130189e47ca0013', '文水志远', '62146/F-57', null, null, '全明料蛋糕罩子，刻麦穗花\r\n\r\n尺寸：30.3X11.5X1', '1', 'PCS', '504', '504', '0', null, '29', '14364', '3');
INSERT INTO `contract_product` VALUES ('4028817a33fc4e280133fd81e7d70025', '4028817a33fc4e280133fd81e7d7001d', 'ff808081301885760130189e47ca0013', '文水志远', 'JKF081342/62180', null, null, '全明料蛋糕罩子+盘子\r\n盘子我司安排\r\n尺寸：30.3X11', '1', 'PCS', '652', '652', '0', null, '27', '17604', '1');
INSERT INTO `contract_product` VALUES ('4028817a33fc4e280133fd81e7d70026', '4028817a33fc4e280133fd81e7d7001d', '1', '宏艺', 'JK10501218/160380', null, null, '全明料糖缸带盖子，糖缸身上烤\r\n白色字母花纸\r\n尺寸：12.', '1', 'PCS', '600', '600', '0', null, '15', '9000', '8');
INSERT INTO `contract_product` VALUES ('4028817a33fc4e280133fd81e7d70027', '4028817a33fc4e280133fd81e7d7001d', '1', '宏艺', 'JK1040009/141760', null, null, '全明料三层糖缸，烤字母花纸\r\n花纸我司安排\r\n尺寸：16.5', '1', 'PCS', '300', '300', '0', null, '35', '10500', '7');
INSERT INTO `contract_product` VALUES ('4028817a33fc4e280133fd89fcc00028', '4028817a33fc4e280133fd81e7d7001d', '7', '天顺', 'JKF081342/62180', null, null, '全明料蛋糕盘配罩子\r\n罩子由文水志远厂提供\r\n尺寸：33X1', '1', 'PCS', '652', '652', '0', null, '10', '6781', '11');
INSERT INTO `contract_product` VALUES ('4028817a33fc4e280133fd9f8b4e0030', '4028817a33fc4e280133fd9f8b4e002f', '15', '南皮开发', 'JK1040158/12068', null, null, '明料灯宫细转棱蜡台\r\n\r\n尺寸：6X26CM高\r\n4只/三层', '4', 'PCS', '400', '400', '0', null, '10', '3880', '4');
INSERT INTO `contract_product` VALUES ('4028817a33fc4e280133fd9f8b4e0031', '4028817a33fc4e280133fd9f8b4e002f', '2', '光华', 'JK1050317/12006', null, null, '明料糖缸配明料盖子\r\n缸身刻交叉麦穗花\r\n尺寸：10.5X1', '1', 'PCS', '504', '504', '0', null, '10', '4788', '3');
INSERT INTO `contract_product` VALUES ('4028817a33fc4e280133fd9f8b4e0032', '4028817a33fc4e280133fd9f8b4e002f', '2', '光华', 'JK1050316/12005', null, null, '明料糖缸配明料盖子\r\n缸身刻交叉麦穗花\r\n尺寸：15X15C', '1', 'PCS', '348', '348', '0', null, '13', '4350', '2');
INSERT INTO `contract_product` VALUES ('4028817a33fc4e280133fd9f8b4e0033', '4028817a33fc4e280133fd9f8b4e002f', '2', '光华', 'JK103233/11301', null, null, '全明料糖缸刻钻石，描亮油\r\n尺寸：11X30.5CM高\r\n1', '1', 'PCS', '408', '408', '0', null, '18', '7344', '1');
INSERT INTO `contract_product` VALUES ('4028817a33fc4e280133fdb370c00034', '4028817a33812ffd0133813f25940001', '7', '天顺', '9749', '17.png', null, '怪虫小碗喷绿色，喷漆，喷珠光\r\n尺寸：18X9CM高\r\n4只', '4', 'PCS', '304', '304', '0', null, '7', '1976', '29');
INSERT INTO `contract_product` VALUES ('4028817a33fc4e280133fdb370cf0035', '4028817a33812ffd0133813f25940001', '7', '天顺', '9749', '18.png', null, '怪虫小碗喷绿色，喷漆，喷珠光\r\n尺寸：18X9CM高\r\n4只', '4', 'PCS', '304', '304', '0', null, '7', '1976', '30');
INSERT INTO `contract_product` VALUES ('4028817a33fc4e280133fdb370df0036', '4028817a33812ffd0133813f25940001', '7', '天顺', '9749', '19.png', null, '怪虫小碗喷绿色，喷漆，喷珠光\r\n尺寸：18X9CM高\r\n4只', '4', 'PCS', '304', '304', '0', null, '7', '1976', '31');
INSERT INTO `contract_product` VALUES ('4028817a33fc4e280133fde6504f0037', '4028817a33fc4e280133fd9f8b4e002f', '2', '光华', 'JK1050201/12078', null, null, '全明料蛋糕罩配盘子,罩子上烤蒙砂白花纸\r\n盘子尺寸：16X1', '1', 'PCS', '402', '402', '0', null, '18', '7236', '5');
INSERT INTO `contract_product` VALUES ('4028817a33fc4e280133fde6504f0038', '4028817a33fc4e280133fd9f8b4e002f', '13', '平遥鸿艺', 'JK1050198/12860', null, null, '全明料酒杯，\r\n距口部1.5CM烤蒙砂白花纸\r\n尺寸：11X', '4', 'PCS', '400', '400', '0', null, '7', '2600', '7');
INSERT INTO `contract_product` VALUES ('297ef1745ac32846015ac329327f0000', '8a7e81ec5ac06f0d015ac06fbb850000', '19', '综艺花纸', '111', '03.png', '11', '1', '30', 'SETS', '30', null, null, '11', '10', '300', '11');
INSERT INTO `contract_product` VALUES ('8a7e845158dc9da90158dc9f46be0000', '8a7e845158dc48ec0158dc49ce140000', '12', '平遥远江', 'CP45454', '01.png', 'erewr', '1/2', '10', 'SETS', '30', null, null, '  要求 ', '30', '900', '546');
INSERT INTO `contract_product` VALUES ('297ef1745ac32223015ac322f1f50000', '8a7e81ec5ac06f0d015ac06fbb850000', '10', '晶晨', '1111', '01.png', 'qq', '1/2', '5', 'SETS', '10', null, null, 'qq', '20', '200', '11');
INSERT INTO `contract_product` VALUES ('8a7e81675ac532ff015ac53571c90001', '8a7e81ec5ac06f0d015ac06fbb850000', '3', '会龙', 'CP1009', '06.png', 'www', '1/3', '10', 'SETS', '30', null, null, 'www', '10', '300', '345');
INSERT INTO `contract_product` VALUES ('297ef1745ac32ef0015ac331ba510000', '8a7e81ec5ac06f0d015ac06fbb850000', '12', '平遥远江', '111', '05.png', '111', '1', '10', 'SETS', '10', null, null, '111', '10', '100', '111');
INSERT INTO `contract_product` VALUES ('8a7e81675ac532ff015ac53d26d60003', '8a7e81ec5ac06f0d015ac06fbb850000', '4', '精艺', 'CP1008', '06.png', 'dsfdsf', '1/3', '10', 'SETS', '30', null, null, 'dfds', '10', '300', '345');
INSERT INTO `contract_product` VALUES ('4028817a33fc4e280133fde6504f0039', '4028817a33fc4e280133fd9f8b4e002f', '2', '光华', 'JK169340/13076', null, null, '全明料蛋糕罩配盘子，罩子上烤蒙砂白花纸    \r\n尺寸：25X2', '1', 'PCS', '200', '200', '0', null, '36', '7200', '8');
INSERT INTO `contract_product` VALUES ('4028817a3420e78a013421e53b8c001e', '4028817a3420e78a013421a693730001', '2', '光华', '9868', null, '6bf2fdf5-6d7e-4147-b40c-6eddf95abcd8.png', '全明料喇叭底糖缸配盖子\r\n尺寸：5-1/4\"X17\"H\r\n1', '1', 'PCS', '600', '600', '1', null, '16', '9600', '29');
INSERT INTO `contract_product` VALUES ('4028817a353b8d8e01353d15008d0047', '4028817a353b8d8e01353d15008d0046', '4028817a33d4f8b40133d9989f5e0024', '民鑫', '5089', null, '2c991b9e-a14b-4f37-a2ca-5e7d01cba021.jpg', '全明料冰花风灯，电镀花银喷紫色。\r\n尺寸:12.5*20 C', '1', 'PCS', '204', '204', '1', null, '13', '2652', '3');
INSERT INTO `contract_product` VALUES ('4028817a353b8d8e01353d15008d0048', '4028817a353b8d8e01353d15008d0046', '4028817a33d4f8b40133d9989f5e0024', '民鑫', '5094', null, '7ae1ccaa-426b-4476-bc6a-28258d735fbd.jpg', '全明料冰花风灯，粘电镀底座    \r\n尺寸：15.8X32CM', '1', 'PCS', '150', '150', '1', null, '15', '2175', '7');
INSERT INTO `contract_product` VALUES ('4028817a353b8d8e01353d15008d0049', '4028817a353b8d8e01353d15008d0046', '4028817a33d4f8b40133d9989f5e0024', '民鑫', '5093', null, '796ec9af-d6bb-4511-a6c6-6d75bcc1f2e3.jpg', '全明料冰花风灯粘电镀底座，   \r\n喷紫色，全喷，内电镀花银  ', '1', 'PCS', '102', '102', '1', null, '16', '1632', '6');
INSERT INTO `contract_product` VALUES ('4028817a353b8d8e01353d15008d004a', '4028817a353b8d8e01353d15008d0046', '7', '天顺', '5099', null, '9586c248-7796-4f99-b648-f913e65250f3.jpg', '全明料钻石蛋糕盘粘底座  \r\n喷蓝色，喷漆,喷珠光    \r\n尺寸', '1', 'PCS', '152', '152', '1', null, '11', '1672', '10');
INSERT INTO `contract_product` VALUES ('4028817a353b8d8e01353d15008d004b', '4028817a353b8d8e01353d15008d0046', '7', '天顺', '5098', null, 'bb0e509f-ccb0-44f4-8320-df18ff6ac880.jpg', '全明料钻石蛋糕盘粘底座  \r\n喷紫色，喷漆,喷珠光    \r\n尺寸', '1', 'PCS', '152', '152', '1', null, '11', '1672', '9');
INSERT INTO `contract_product` VALUES ('4028817a353b8d8e01353d15008d004c', '4028817a353b8d8e01353d15008d0046', '4028817a33d4f8b40133d9989f5e0024', '民鑫', '5090', null, '2ec05114-5c74-4211-b254-4d979218c05e.jpg', '全明料冰花风灯粘电镀底座，   \r\n喷蓝色，全喷，内电镀花银  ', '1', 'PCS', '102', '102', '1', null, '16', '1632', '4');
INSERT INTO `contract_product` VALUES ('4028817a353b8d8e01353d15008d004d', '4028817a353b8d8e01353d15008d0046', '4028817a33d4f8b40133d9989f5e0024', '民鑫', '5088', null, '9488192b-fb0f-4aa5-9e29-86de71d05675.jpg', '全明料冰花风灯，电镀花银喷蓝色。\r\n尺寸:12.5*20 C', '1', 'PCS', '204', '204', '1', null, '13', '2652', '2');
INSERT INTO `contract_product` VALUES ('4028817a353b8d8e01353d15008d004e', '4028817a353b8d8e01353d15008d0046', '4028817a33d4f8b40133d9989f5e0024', '民鑫', '5092', null, '289d254d-0f0d-4671-9376-d04cc36540d2.jpg', '全明料冰花风灯粘电镀底座，   \r\n喷绿色，全喷，内电镀花银  ', '1', 'PCS', '102', '102', '1', null, '16', '1632', '5');
INSERT INTO `contract_product` VALUES ('4028817a353b8d8e01353d15008d004f', '4028817a353b8d8e01353d15008d0046', '4028817a33d4f8b40133d9989f5e0024', '民鑫', '5095', null, '01349ede-bef9-4168-a346-e109e3111773.jpg', '全明料冰花风灯，粘明料底座   \r\n尺寸：15.8X32CM高', '1', 'PCS', '150', '150', '1', null, '14', '2100', '8');
INSERT INTO `contract_product` VALUES ('4028817a353b8d8e01353d15008d0050', '4028817a353b8d8e01353d15008d0046', '4028817a33d4f8b40133d9989f5e0024', '民鑫', '5086', null, '3c77a543-f2f2-4cf3-b173-8ef1d1a1f8be.jpg', '全明料冰花风灯，电镀花银喷绿色。\r\n尺寸:12.5*20 C', '1', 'PCS', '204', '204', '1', null, '13', '2652', '1');
INSERT INTO `contract_product` VALUES ('4028817a353b8d8e01353d32350d0051', '4028817a353b8d8e01353d15008d0046', '2', '光华', '5117', null, 'aec0cd7f-795e-4c5f-b8c5-532b6479c4be.jpg', '全明料蛋糕盘+罩子 \r\n罩上烤白金字母花纸（SWEETS)', '1', 'PCS', '100', '100', '1', null, '17', '1700', '11');
INSERT INTO `contract_product` VALUES ('4028817a353b8d8e01353d32350d0052', '4028817a353b8d8e01353d15008d0046', '9', '华艺', '5191', null, '5a77aec3-1299-4b75-8ff4-5c7232d0a8c6.jpg', '机压小鸟,表面要光滑    \r\n安全包装送祁县宏艺厂    \r\n请提', '1', 'PCS', '100', '100', '1', null, '2', '240', '19');
INSERT INTO `contract_product` VALUES ('4028817a353b8d8e01353d32350d0053', '4028817a353b8d8e01353d15008d0046', '7', '天顺', '5144', null, '91d36961-2e9e-44cc-94ed-44ab4d6a24e4.jpg', '全明料钻石蛋糕盘粘底座  \r\n喷绿色，喷漆，喷珠光    \r\n尺寸', '1', 'PCS', '152', '152', '1', null, '11', '1672', '13');
INSERT INTO `contract_product` VALUES ('4028817a353b8d8e01353d32350d0054', '4028817a353b8d8e01353d15008d0046', '9', '华艺', '5191', null, '06191cc8-a932-4f7a-a951-eabbd4336f13.jpg', '全明料钻石蛋糕盘粘底座  \r\n尺寸：29.5X11.5CM高  ', '1', 'PCS', '100', '100', '1', null, '10', '1000', '18');
INSERT INTO `contract_product` VALUES ('4028817a353b8d8e01353d32350d0055', '4028817a353b8d8e01353d15008d0046', '2', '光华', '5118', null, 'b76467e5-21b5-4102-8085-f0d14189e257.jpg', '全明料蛋糕盘+罩子    \r\n罩子上烤白金字母花纸（SWEETS', '1', 'PCS', '152', '152', '1', null, '16', '2432', '12');
INSERT INTO `contract_product` VALUES ('4028817a353b8d8e01353d32350d0056', '4028817a353b8d8e01353d15008d0046', '9', '华艺', '5190', null, '9a6203d7-01b0-4ebe-bc08-d390b5ecd46a.jpg', '机压小鸟,表面要光滑    \r\n安全包装送祁县宏艺厂    \r\n请提', '1', 'PCS', '100', '100', '1', null, '2', '240', '16');
INSERT INTO `contract_product` VALUES ('4028817a353b8d8e01353d32350d0057', '4028817a353b8d8e01353d15008d0046', '4', '精艺', '5337', null, 'ecc411bc-b3ce-4175-9e96-17014661c601.jpg', '全明料死模风灯，电镀花银喷蓝色  \r\n尺寸：14.5X20CM', '1', 'PCS', '156', '156', '1', null, '8', '1248', '22');
INSERT INTO `contract_product` VALUES ('4028817a353b8d8e01353d32350d0058', '4028817a353b8d8e01353d15008d0046', '9', '华艺', '5190', null, '9196fdca-db89-42a3-99d8-6a168479344c.jpg', '全明料钻石蛋糕盘粘底座  \r\n尺寸：23X11.5CM高  \r', '1', 'PCS', '100', '100', '1', null, '9', '850', '15');
INSERT INTO `contract_product` VALUES ('4028817a353b8d8e01353d32350d0059', '4028817a353b8d8e01353d15008d0046', '1', '宏艺', '5190', null, 'a3c28393-5d85-4ab5-8f9b-c10d8becf945.jpg', '全明料平光蛋糕罩配钻石盘子  \r\n罩子上粘小鸟，小鸟和钻石盘我', '1', 'PCS', '100', '100', '1', null, '22', '2200', '14');
INSERT INTO `contract_product` VALUES ('4028817a353b8d8e01353d32350d005a', '4028817a353b8d8e01353d15008d0046', '4', '精艺', '5330', null, '75849bf7-f9a2-4f74-853e-baefef078d93.jpg', '全明料死模风灯，电镀花银喷紫色  \r\n尺寸：14.5X20CM', '1', 'PCS', '156', '156', '1', null, '8', '1248', '20');
INSERT INTO `contract_product` VALUES ('4028817a353b8d8e01353d32350d005b', '4028817a353b8d8e01353d15008d0046', '4', '精艺', '5336', null, '5fe32315-0fb6-4a84-bb82-61b27ef3a8e3.jpg', '全明料死模风灯，电镀花银喷绿色  \r\n尺寸：14.5X20CM', '1', 'PCS', '156', '156', '1', null, '8', '1248', '21');
INSERT INTO `contract_product` VALUES ('4028817a353b8d8e01353d32353c005c', '4028817a353b8d8e01353d15008d0046', '1', '宏艺', '5191', null, '135fbc3e-1c1d-4188-91e0-6a54cb0e2901.jpg', '全明料平光蛋糕罩配钻石盘子  \r\n罩子上粘小鸟，小鸟和钻石盘我', '1', 'PCS', '100', '100', '1', null, '32', '3200', '17');
INSERT INTO `contract_product` VALUES ('402895c25152201a015152215a930000', '402895c2515129200151514376b80002', '12', '平遥远江', 'rrttrrttyyrree', '11', '柘城要柘城', '11', '11', null, '11', null, null, '11', '11', '121', '11');
INSERT INTO `contract_product` VALUES ('402899d650894b860150894cef8f0000', '402899d650885c420150885d95cb0000', '10', '晶晨', 'rwtewr32432', '02.png', '货描', '1/2', '5', 'PCS', '10', null, null, '要求', '100', '1000', '2');
INSERT INTO `contract_product` VALUES ('4028a9bd515b54c901515b5be9e40000', '4028a9bd515b2e8201515b3339860000', '1', '升华', 'fdgfdgfd', '01.png', '货物描述', '1/2', '5', 'PCS', '10', null, null, '要求', '10', '100', '20');
INSERT INTO `contract_product` VALUES ('4028817a33fc4e280133fde6504f003a', '4028817a33fc4e280133fd9f8b4e002f', 'ff808081301885760130189e47ca0013', '文水志远', 'JK1400002/13077', null, null, '全明料竖棱酒壶，磨口抛光\r\n不可有碰口，棱要明显\r\n尺寸：1', '1', 'PCS', '1200', '1200', '0', null, '13', '15600', '9');
INSERT INTO `contract_product` VALUES ('4028817a33fc4e280133fde6504f003b', '4028817a33fc4e280133fd9f8b4e002f', '15', '南皮开发', 'JK5100005-F/13079', null, null, '全明料竖棱香槟杯\r\n尺寸：5.5X24.5CM高\r\n4只/三', '4', 'PCS', '1200', '1200', '0', null, '10', '12000', '11');
INSERT INTO `contract_product` VALUES ('4028817a33fc4e280133fde6504f003c', '4028817a33fc4e280133fd9f8b4e002f', '13', '平遥鸿艺', 'JK1050195/12859', null, null, '全明料香槟杯\r\n距口部1.5CM烤蒙砂白花纸\r\n尺寸：8X2', '4', 'PCS', '400', '400', '0', null, '6', '2400', '6');
INSERT INTO `contract_product` VALUES ('4028817a33fc4e280133fde6504f003d', '4028817a33fc4e280133fd9f8b4e002f', '15', '南皮开发', 'JK5100004/13078', null, null, '全明料直棱酒杯\r\n尺寸：9.5X18.5CM高\r\n4只/三层', '4', 'PCS', '1200', '1200', '0', null, '9', '10560', '10');
INSERT INTO `contract_product` VALUES ('4028817a33fc4e280133fde6504f003e', '4028817a33fc4e280133fd9f8b4e002f', '15', '南皮开发', 'JK5300006/13080', null, null, '全明料竖棱糖缸，盖子上带圆头\r\n尺寸：9X8CM高\r\n1只/', '1', 'PCS', '1200', '1200', '0', null, '9', '10200', '12');
INSERT INTO `contract_product` VALUES ('4028817a33fc4e280133fde6504f003f', '4028817a33fc4e280133fd9f8b4e002f', '15', '南皮开发', 'JK5300007/13081', null, null, '全明料竖棱糖缸，盖子上带圆头\r\n尺寸：9X12CM高\r\n1只', '1', 'PCS', '1200', '1200', '0', null, '10', '11760', '13');
INSERT INTO `contract_product` VALUES ('4028817a3420e78a013421a693820002', '4028817a3420e78a013421a693730001', '4', '精艺', '4995', null, 'c7801815-993e-43f0-8ac5-d5d788f34e74.png', '全明料死模风灯，电镀花银喷紫色\r\n明料挺底，电镀喷色我司安排', '1', 'PCS', '300', '300', '1', null, '9', '2550', '3');
INSERT INTO `contract_product` VALUES ('4028817a3420e78a013421a693820003', '4028817a3420e78a013421a693730001', '4', '精艺', '4994', null, 'ae3e208e-8037-41dc-89d3-6727d1403c4c.png', '全明料死模风灯，电镀花银喷浅海蓝\r\n明料挺底,电镀喷色我司安', '1', 'PCS', '300', '300', '1', null, '9', '2550', '2');
INSERT INTO `contract_product` VALUES ('4028817a3420e78a013421a693820004', '4028817a3420e78a013421a693730001', '4', '精艺', '4996', null, '09b2983e-67b1-4f42-b6ec-0efa99b90cae.png', '全明料死模风灯，电镀花银喷浅绿色\r\n明料挺底，电镀喷色我司安', '1', 'PCS', '300', '300', '1', null, '11', '3150', '4');
INSERT INTO `contract_product` VALUES ('4028817a3420e78a013421a693820005', '4028817a3420e78a013421a693730001', '2', '光华', '5118', null, 'd2f2ab57-ca50-43ff-87fd-9b6b38d14adc.png', '全明料蛋糕盘+罩子  \r\n罩子上烤白金字母花纸（SWEETS)', '1', 'PCS', '300', '300', '1', null, '16', '4800', '14');
INSERT INTO `contract_product` VALUES ('4028817a3420e78a013421a693820006', '4028817a3420e78a013421a693730001', '4', '精艺', '4993', null, '49a9221c-aa5d-42a6-997c-9671c69ebb96.png', '全明料死模风灯，电镀花银喷浅绿色   \r\n明料挺底，电镀喷色我', '1', 'PCS', '300', '300', '1', null, '9', '2550', '1');
INSERT INTO `contract_product` VALUES ('4028817a3420e78a013421a693820007', '4028817a3420e78a013421a693730001', '2', '光华', '5117', null, '94744a94-9215-425c-8d7c-e6c27b74d47a.png', '全明料蛋糕盘+罩子  \r\n罩上烤白金字母花纸（SWEETS)  ', '1', 'PCS', '300', '300', '1', null, '17', '5100', '13');
INSERT INTO `contract_product` VALUES ('4028817a3420e78a013421a693820008', '4028817a3420e78a013421a693730001', '4028817a33d4f8b40133d9989f5e0024', '民鑫', '5086', null, 'f9c8b767-01c1-47a1-816c-4203c229f765.png', '全明料冰花风灯，电镀花银喷绿色\r\n尺寸：12.5X20CM高', '1', 'PCS', '300', '300', '1', null, '13', '3900', '10');
INSERT INTO `contract_product` VALUES ('4028817a3420e78a013421a693820009', '4028817a3420e78a013421a693730001', '1', '宏艺', '5190', null, 'b0d362a3-2044-4bb8-ad61-0d6228e94110.png', '全明料平光蛋糕罩配钻石盘子\r\n罩子上粘小鸟，小鸟和钻石盘我司', '1', 'PCS', '100', '100', '1', null, '22', '2200', '16');
INSERT INTO `contract_product` VALUES ('4028817a3420e78a013421a69382000a', '4028817a3420e78a013421a693730001', '9', '华艺', '5190', null, 'de8f61ab-0ce5-4e66-862f-acc66140d77f.png', '全明料钻石蛋糕盘粘底座\r\n \r\n尺寸：23X11.5CM高\r', '1', 'PCS', '100', '100', '1', null, '9', '850', '17');
INSERT INTO `contract_product` VALUES ('4028817a3420e78a013421a69382000b', '4028817a3420e78a013421a693730001', '4028817a33d4f8b40133d9989f5e0024', '民鑫', '5084', null, '4afac9ad-6f75-4186-95e2-0f3c992fd0a8.png', '全明料冰花风灯，电镀花银喷蓝色\r\n尺寸：10X17.5CM高', '1', 'PCS', '300', '300', '1', null, '12', '3450', '8');
INSERT INTO `contract_product` VALUES ('4028817a3420e78a013421a69382000c', '4028817a3420e78a013421a693730001', '4028817a33d4f8b40133d9989f5e0024', '民鑫', '5085', null, '11799ce4-7d8a-451b-8838-6b01f804b8ff.png', '全明料冰花风灯，电镀花银喷紫色\r\n尺寸：10X17.5CM高', '1', 'PCS', '300', '300', '1', null, '12', '3450', '9');
INSERT INTO `contract_product` VALUES ('4028817a3420e78a013421a69382000d', '4028817a3420e78a013421a693730001', '7', '天顺', '5144', null, '978f44fd-492c-4209-8b4a-6dd58539a14f.png', '全明料钻石蛋糕盘粘底座\r\n喷绿色，喷漆，喷珠光\r\n尺寸：23', '1', 'PCS', '100', '100', '1', null, '11', '1100', '15');
INSERT INTO `contract_product` VALUES ('4028817a3420e78a013421a69382000e', '4028817a3420e78a013421a693730001', '4', '精艺', '4998', null, '4c8991c6-227e-4c31-bcf7-539fd002cd12.png', '全明料死模风灯，电镀花银喷紫色\r\n明料挺底,电镀喷色我司安排', '1', 'PCS', '300', '300', '1', null, '11', '3150', '6');
INSERT INTO `contract_product` VALUES ('4028817a3420e78a013421a69382000f', '4028817a3420e78a013421a693730001', '4028817a33d4f8b40133d9989f5e0024', '民鑫', '5088', null, '9926bf89-1345-4082-aeeb-a3f94d0dcc40.png', '全明料冰花风灯，电镀花银喷蓝色\r\n尺寸：12.5X20CM高', '1', 'PCS', '300', '300', '1', null, '13', '3900', '11');
INSERT INTO `contract_product` VALUES ('4028817a3420e78a013421a693820010', '4028817a3420e78a013421a693730001', '4028817a33d4f8b40133d9989f5e0024', '民鑫', '5089', null, '22a26221-2c14-4ea4-b972-ebe9df1a27ab.png', '全明料冰花风灯，电镀花银喷紫色\r\n尺寸：12.5X20CM高', '1', 'PCS', '300', '300', '1', null, '13', '3900', '12');
INSERT INTO `contract_product` VALUES ('4028817a3420e78a013421a693920011', '4028817a3420e78a013421a693730001', '4', '精艺', '4997', null, 'f62db940-2432-4a7d-946c-22e2ba184d37.png', '全明料死模风灯，电镀花银喷浅海蓝\r\n明料挺底，电镀喷色我司安', '1', 'PCS', '300', '300', '1', null, '11', '3150', '5');
INSERT INTO `contract_product` VALUES ('4028817a3420e78a013421a693920012', '4028817a3420e78a013421a693730001', '4028817a33d4f8b40133d9989f5e0024', '民鑫', '5083', null, '65fe2446-a833-483a-ad34-dc5da6a7e28a.png', '全明料冰花风灯，电镀花银喷绿色\r\n尺寸：10X17.5CM高', '1', 'PCS', '300', '300', '1', null, '12', '3450', '7');
INSERT INTO `contract_product` VALUES ('4028817a3420e78a013421d2e3fe0013', '4028817a3420e78a013421a693730001', '4', '精艺', '5336', null, '422bfb7c-ad4e-4098-8953-beca57d6259c.png', '全明料死模风灯，电镀花银喷绿色  \r\n   \r\n尺寸：14.5X', '1', 'PCS', '300', '300', '1', null, '8', '2400', '20');
INSERT INTO `contract_product` VALUES ('4028817a3420e78a013421d2e3fe0014', '4028817a3420e78a013421a693730001', '4', '精艺', '5331', null, 'c09ea297-bb5f-47a0-b8a0-0b4419f6e138.png', '全明料死模风灯，电镀花银喷绿色\r\n尺寸：17X23CM高\r\n', '1', 'PCS', '300', '300', '1', null, '12', '3450', '19');
INSERT INTO `contract_product` VALUES ('4028817a3420e78a013421d2e3fe0015', '4028817a3420e78a013421a693730001', '9', '华艺', '5190', null, 'aa3e7517-3227-41ff-b239-a5a6d5c00939.png', '机压小鸟,表面要光滑\r\n\r\n安全包装送祁县宏艺厂\r\n请提供一', '1', 'PCS', '100', '100', '1', null, '2', '240', '18');
INSERT INTO `contract_product` VALUES ('4028817a3420e78a013421e2e3c10016', '4028817a3420e78a013421a693730001', '4', '精艺', '5400', null, 'f475d46e-733a-4220-8243-98ba76f09ddc.png', '全明料死模风灯，电镀花银喷蓝色\r\n \r\n尺寸：17X23CM', '1', 'PCS', '300', '300', '1', null, '12', '3450', '22');
INSERT INTO `contract_product` VALUES ('4028817a3420e78a013421e2e3c10017', '4028817a3420e78a013421a693730001', '7', '天顺', '9749', null, '3d52357d-71bf-4ac1-b7f0-38b640a2d349.png', '怪虫小碗，喷绿色，喷漆，喷珠光\r\n\r\n尺寸:18X9CM高\r', '4', 'PCS', '600', '600', '1', null, '7', '3900', '28');
INSERT INTO `contract_product` VALUES ('4028817a3420e78a013421e2e3c10018', '4028817a3420e78a013421a693730001', '2', '光华', '8759', null, 'c5f0d6c6-275f-4fb4-b468-a9be38f85f02.png', '全明料糖缸带盖子\r\n尺寸：16.5X40CM高\r\n1只/上下', '1', 'PCS', '600', '600', '1', null, '15', '9000', '27');
INSERT INTO `contract_product` VALUES ('4028817a3420e78a013421e2e3c10019', '4028817a3420e78a013421a693730001', '7', '天顺', '8709', null, '2720f819-b111-4aeb-b5e8-abc262dc5a7b.png', '怪虫小碗，喷蓝色，喷漆，喷珠光\r\n \r\n尺寸：18X9CM高', '4', 'PCS', '600', '600', '1', null, '7', '3900', '26');
INSERT INTO `contract_product` VALUES ('4028817a3420e78a013421e2e3c1001a', '4028817a3420e78a013421a693730001', '4', '精艺', '5337', null, 'c2ff4999-1ea3-479d-8859-3302bb0e9d77.png', '全明料死模风灯，电镀花银喷蓝色  \r\n  \r\n尺寸：14.5X2', '1', 'PCS', '300', '300', '1', null, '8', '2400', '21');
INSERT INTO `contract_product` VALUES ('4028817a3420e78a013421e2e3c1001b', '4028817a3420e78a013421a693730001', '7', '天顺', '8708', null, 'cd89d279-e040-4647-a89f-59bfee1d6db9.png', '怪虫小碗，喷紫色，喷漆，喷珠光\r\n \r\n尺寸：18X9CM高', '4', 'PCS', '600', '600', '1', null, '7', '3900', '25');
INSERT INTO `contract_product` VALUES ('4028817a3420e78a013421e2e3c1001c', '4028817a3420e78a013421a693730001', '2', '光华', '843MA', null, '6b4da997-ad8c-4101-90cb-1c554c356bb1.png', '全明料喇叭底糖缸，带盖子  \r\n盖子：10CMX10.3CM高', '1', 'PCS', '600', '600', '1', null, '16', '9600', '23');
INSERT INTO `contract_product` VALUES ('4028817a3420e78a013421e2e3c1001d', '4028817a3420e78a013421a693730001', '2', '光华', '844MA', null, '19dd24a2-4eb2-4273-a46a-229d28aeee85.png', '全明料糖缸带盖子\r\n盖子：9.3X13.3CM高 壁厚3MM', '1', 'PCS', '600', '600', '1', null, '16', '9600', '24');
INSERT INTO `contract_product` VALUES ('4028817a3357462e0133592355750005', '4028817a3357462e0133591b86ec0002', '2', '光华', '2977', '06.png', 'b5480a29-da8c-41e1-b91c-54a9fdb15834.png', '全明料圆肚糖缸带盖子\r\n尺寸：16X36CM高    底径：', '1', 'PCS', '144', '144', '0', null, '17', '2448', '4');
INSERT INTO `contract_product` VALUES ('4028817a3357462e0133592355750006', '4028817a3357462e0133591b86ec0002', '2', '光华', '2976', '07.png', 'af417c8a-e44f-406e-b226-194d8a61df75.png', '全明料糖缸带盖子\r\n尺寸 17.5X41CM高   底径：1', '1', 'PCS', '144', '144', '0', null, '17', '2448', '3');
INSERT INTO `contract_product` VALUES ('4028817a3357462e01336cc0879b0011', '4028817a3357462e01336cc0877b0010', '3', '会龙', 'JK1700011', null, '05702b8f-6bda-4bca-9c4d-f15c18f279eb.png', '全明料方形黄油缸\r\n尺寸：罩子：7.3X8CM高   盘：6', '24', 'PCS', '504', '504', '0', null, '5', '2318', '1');
INSERT INTO `contract_product` VALUES ('4028817a3357462e01336d3a0be10015', '4028817a3357462e01336d3a0be10014', '7', '天顺', 'JK1014003', '04.png', '699176d9-c242-42d2-8661-9ce712bba97a.png', '全明料盘子，烤鱼白花纸\r\n盘子直径：27CM\r\n2只/五层内', '2', 'PCS', '1200', '1200', '0', null, '8', '9000', '3');
INSERT INTO `contract_product` VALUES ('4028817a3357462e01336d3a0be10016', '4028817a3357462e01336d3a0be10014', '1', '宏艺', 'JK1014001', '01.png', 'a2ffd39f-18d5-4a6b-89a2-bc91df4926f5.png', '全明料大碗，烤鱼白花纸\r\n尺寸：23X11CM高\r\n1只/五', '1', 'PCS', '1000', '1000', '0', null, '17', '16500', '2');

-- ----------------------------
-- Table structure for dept
-- ----------------------------
DROP TABLE IF EXISTS `dept`;
CREATE TABLE `dept` (
  `dept_id` varchar(40) NOT NULL,
  `dept_name` varchar(50) DEFAULT NULL,
  `parent_id` varchar(40) DEFAULT NULL,
  `state` int(6) DEFAULT '1' COMMENT '1代表启用，0代表停用，默认为1',
  PRIMARY KEY (`dept_id`),
  KEY `dept_id` (`dept_id`)
) ENGINE=MyISAM DEFAULT CHARSET=utf8 COMMENT='部门表';

-- ----------------------------
-- Records of dept
-- ----------------------------
INSERT INTO `dept` VALUES ('8a7e8586591b15c001591b259a350003', '合同部', '4028827c4fb6202a014fb6209c730000', '1');
INSERT INTO `dept` VALUES ('100', '商贸集团', null, '1');
INSERT INTO `dept` VALUES ('3d00290a-1af0-4c28-853e-29fbf96a2722', '市场部', '100', '1');
INSERT INTO `dept` VALUES ('73f3fa2f-66a2-4d16-8306-78d89003031b', '网络部', '100', '1');
INSERT INTO `dept` VALUES ('97f88a8c-90fc-4d52-aed7-2046f62fb498', '总经办', '100', '1');
INSERT INTO `dept` VALUES ('aeb1c7d3-9a54-4f73-b0ec-0325b83aef45', '船运部', '100', '1');
INSERT INTO `dept` VALUES ('4028827c4fb6202a014fb6209c730000', '总裁办', null, '1');
INSERT INTO `dept` VALUES ('4028827c4fb633bd014fb64467470000', '财务部', null, '1');
INSERT INTO `dept` VALUES ('8a7e862458b9ed5b0158b9edc0e80000', '调研组', '3d00290a-1af0-4c28-853e-29fbf96a2722', '1');
INSERT INTO `dept` VALUES ('402832836af94f2c016af95001680000', '技术', '100', '1');

-- ----------------------------
-- Table structure for export
-- ----------------------------
DROP TABLE IF EXISTS `export`;
CREATE TABLE `export` (
  `export_id` varchar(40) NOT NULL,
  `input_date` datetime DEFAULT NULL,
  `contract_ids` varchar(200) DEFAULT NULL COMMENT 'ID集合串\n     \n  x,y,z',
  `customer_contract` varchar(200) DEFAULT NULL COMMENT '客户的合同号,可选择多个合同',
  `lcno` varchar(10) DEFAULT NULL COMMENT 'L/C T/T',
  `consignee` varchar(100) DEFAULT NULL,
  `marks` varchar(1000) DEFAULT NULL,
  `shipment_port` varchar(100) DEFAULT NULL,
  `destination_port` varchar(100) DEFAULT NULL,
  `transport_mode` varchar(10) DEFAULT NULL COMMENT 'SEA/AIR',
  `price_condition` varchar(10) DEFAULT NULL COMMENT 'FBO/CIF',
  `remark` varchar(100) DEFAULT NULL,
  `box_nums` bigint(11) DEFAULT NULL COMMENT '冗余，为委托服务，一个报运的总箱数',
  `gross_weights` double(10,2) DEFAULT NULL COMMENT '冗余，为委托服务，一个报运的总毛重',
  `measurements` int(10) DEFAULT NULL,
  `state` int(11) DEFAULT NULL COMMENT '0-草稿 1-已上报 2-装箱 3-委托 4-发票 5-财务',
  `create_by` varchar(40) DEFAULT NULL,
  `create_dept` varchar(40) DEFAULT NULL,
  `create_time` datetime DEFAULT NULL,
  PRIMARY KEY (`export_id`)
) ENGINE=MyISAM DEFAULT CHARSET=utf8;

-- ----------------------------
-- Records of export
-- ----------------------------
INSERT INTO `export` VALUES ('8a7e81015ad03e38015ad0408dbc0000', '0000-00-00 00:00:00', '4028817a3357462e01336d523195001a,4028817a33812ffd013382048ff80024', 'C/3847/11 11JK1082 ', 'ABCD051', 'ABCD058', 'ABCD054', 'ABCD052', 'ABCD057', 'SEA3', 'FOB6', '5', '12', '1.00', '1', '-1', null, null, null);
INSERT INTO `export` VALUES ('8a7e843358372ad30158372f66aa0000', '0000-00-00 00:00:00', '4028817a3357462e0133591b86ec0002,4028817a3357462e01336cc0877b0010', 'C/3817/11 11JK1080 ', 'ABCE1', '118', 'ABC14', '112', 'ABC17', '113', 'FOB16', '申报成功', '1', '1.00', '1', '2', null, null, null);
INSERT INTO `export` VALUES ('8a7e843759b44c920159b4516bdb0000', '0000-00-00 00:00:00', '4028817a3357462e01336d3a0be10014, 4028817a33812ffd0133813f25940001, 2c90c5004ad63735014ad6d204060005', null, 'JK41', 'JK41', 'JK41', 'JK41', 'JK41', 'SEA', 'FOB', 'JK41', '1', '1.00', '1', '0', null, null, null);
INSERT INTO `export` VALUES ('8a7e84635711a251015711da96e8003e', '0000-00-00 00:00:00', '8a7e878256fd4bd00156fdb0a8080004,4028817a33812ffd013382048ff80024', 'ABC 11JK1082 ', 'AJ0041', 'AJ0046', 'AJ0043', 'AJ0042', 'AJ0045', 'AIR', 'L/C', '申报成功', '12', '12.00', '12', '1', null, null, null);
INSERT INTO `export` VALUES ('8a7e841959483bac0159483d2bc00000', '0000-00-00 00:00:00', '8a7e845158dc48ec0158dc49ce140000,4028817a3357462e0133591b86ec0002', 'C34543543 C/3817/11 ', 'EXPORT2321', 'EXPORT2328', 'EXPORT2324', 'EXPORT2322', 'EXPORT2327', 'SEA3', 'FOB6', '申报成功', '12', '12.00', '12', '2', null, null, null);
INSERT INTO `export` VALUES ('4028d3cf567275410156735276210001', '0000-00-00 00:00:00', '4028817a33812ffd013382048ff80024,4028817a33812ffd0133821a8eb5002b,4028817a33d4f8b40133d9878e88000d', '11JK1082 11JK1084 11JK1070 ', 'JK2811', 'JK2888', 'JK2844', 'JK2822', 'JK2877', 'SEA33', 'JK2866', '申报成功', '12', '12.00', '12', '1', null, null, null);

-- ----------------------------
-- Table structure for export_product
-- ----------------------------
DROP TABLE IF EXISTS `export_product`;
CREATE TABLE `export_product` (
  `export_product_id` varchar(40) NOT NULL,
  `export_id` varchar(40) DEFAULT NULL,
  `factory_id` varchar(40) DEFAULT NULL,
  `product_no` varchar(50) DEFAULT NULL,
  `packing_unit` varchar(10) DEFAULT NULL COMMENT 'PCS/SETS',
  `cnumber` bigint(11) DEFAULT NULL,
  `box_num` bigint(11) DEFAULT NULL,
  `gross_weight` double(10,2) DEFAULT NULL,
  `net_weight` double(10,2) DEFAULT NULL,
  `size_length` double(10,2) DEFAULT NULL,
  `size_width` double(10,2) DEFAULT NULL,
  `size_height` double(10,2) DEFAULT NULL,
  `ex_price` double(10,2) DEFAULT NULL COMMENT 'sales confirmation 中的价格（手填）',
  `price` double(10,2) DEFAULT NULL,
  `tax` double(10,2) DEFAULT NULL COMMENT '收购单价=合同单价',
  `order_no` int(11) DEFAULT NULL,
  PRIMARY KEY (`export_product_id`),
  KEY `export_id` (`export_id`),
  KEY `factory_id` (`factory_id`)
) ENGINE=MyISAM DEFAULT CHARSET=utf8;

-- ----------------------------
-- Records of export_product
-- ----------------------------
INSERT INTO `export_product` VALUES ('8a7e843358372ad30158372f66b40001', '8a7e843358372ad30158372f66aa0000', '2', '2976', 'PCS', '144', '1', null, null, null, '4.00', '9.00', null, '17.00', '11.60', '3');
INSERT INTO `export_product` VALUES ('8a7e843358372ad30158372f66b50004', '8a7e843358372ad30158372f66aa0000', '2', '2977', 'PCS', '144', '1', null, null, null, null, '5.00', '10.00', '17.00', '10.40', '4');
INSERT INTO `export_product` VALUES ('8a7e843358372ad30158372f66b50005', '8a7e843358372ad30158372f66aa0000', '2', '2964', 'PCS', '144', '1', '1.00', '6.00', null, null, null, null, '24.00', '11.20', '1');
INSERT INTO `export_product` VALUES ('8a7e843358372ad30158372f66b60007', '8a7e843358372ad30158372f66aa0000', '3', 'JK1700011', 'PCS', '504', '24', null, '2.00', '7.00', null, null, null, '4.60', '12.00', '1');
INSERT INTO `export_product` VALUES ('8a7e843358372ad30158372f66b60008', '8a7e843358372ad30158372f66aa0000', '2', '2965', 'PCS', '144', '1', null, null, '3.00', '8.00', null, null, '17.00', '10.80', '2');
INSERT INTO `export_product` VALUES ('8a7e81015ad03e38015ad0408dd10001', '8a7e81015ad03e38015ad0408dbc0000', '7', '9748/6115', 'PCS', '408', '4', null, null, null, null, null, '6.00', '11.00', null, '5');
INSERT INTO `export_product` VALUES ('8a7e81015ad03e38015ad0408dd10002', '8a7e81015ad03e38015ad0408dbc0000', '7', '9226/6116', 'PCS', '408', '4', null, null, null, '4.00', null, null, '11.00', null, '3');
INSERT INTO `export_product` VALUES ('8a7e81015ad03e38015ad0408dd20003', '8a7e81015ad03e38015ad0408dbc0000', '7', '9749/6525', 'PCS', '600', '4', null, null, null, null, null, null, '6.50', '7.00', '6');
INSERT INTO `export_product` VALUES ('8a7e81015ad03e38015ad0408dd20004', '8a7e81015ad03e38015ad0408dbc0000', '7', '9227/6092', 'PCS', '408', '4', null, null, null, null, '5.00', null, '11.00', null, '4');
INSERT INTO `export_product` VALUES ('8a7e843759b44c920159b4516be90001', '8a7e843759b44c920159b4516bdb0000', '7', '8709', 'PCS', '600', '1', null, null, null, null, null, null, '6.50', null, '24');
INSERT INTO `export_product` VALUES ('8a7e843759b44c920159b4516bea0002', '8a7e843759b44c920159b4516bdb0000', '2', '8760', 'PCS', '600', '1', null, null, null, null, null, null, '16.00', null, '26');
INSERT INTO `export_product` VALUES ('8a7e843759b44c920159b4516bea0003', '8a7e843759b44c920159b4516bdb0000', '2', '9868', 'PCS', '600', '1', null, null, null, null, null, null, '16.00', null, '27');
INSERT INTO `export_product` VALUES ('8a7e843759b44c920159b4516bea0004', '8a7e843759b44c920159b4516bdb0000', '4', '5337', 'PCS', '300', '1', null, null, null, null, null, null, '8.00', null, '15');
INSERT INTO `export_product` VALUES ('8a7e843759b44c920159b4516bea0006', '8a7e843759b44c920159b4516bdb0000', '2', '5189', 'PCS', '300', '1', null, null, null, null, null, null, '14.00', null, '12');
INSERT INTO `export_product` VALUES ('8a7e843759b44c920159b4516beb0007', '8a7e843759b44c920159b4516bdb0000', '4', '4997', 'PCS', '300', '1', null, null, null, null, null, null, '10.50', null, '5');
INSERT INTO `export_product` VALUES ('8a7e843759b44c920159b4516beb0009', '8a7e843759b44c920159b4516bdb0000', '4', '4994', 'PCS', '300', '1', null, null, null, null, null, null, '8.50', null, '2');
INSERT INTO `export_product` VALUES ('8a7e843759b44c920159b4516beb000b', '8a7e843759b44c920159b4516bdb0000', '4', '4995', 'PCS', '300', '1', null, null, null, null, null, null, '8.50', null, '3');
INSERT INTO `export_product` VALUES ('8a7e843759b44c920159b4516bec000d', '8a7e843759b44c920159b4516bdb0000', '2', '600MA', 'PCS', '600', '1', null, null, null, null, null, null, '18.00', null, '17');
INSERT INTO `export_product` VALUES ('8a7e843759b44c920159b4516bec000e', '8a7e843759b44c920159b4516bdb0000', '7', '9749', 'PCS', '304', '4', null, null, null, null, null, null, '6.50', null, '29');
INSERT INTO `export_product` VALUES ('8a7e843759b44c920159b4516bec000f', '8a7e843759b44c920159b4516bdb0000', '2', '602MA', 'PCS', '600', '1', null, null, null, null, null, null, '19.00', null, '18');
INSERT INTO `export_product` VALUES ('8a7e843759b44c920159b4516bec0010', '8a7e843759b44c920159b4516bdb0000', '2', '5117', 'PCS', '300', '1', null, null, null, null, null, null, '17.00', null, '10');
INSERT INTO `export_product` VALUES ('8a7e843759b44c920159b4516bed0012', '8a7e843759b44c920159b4516bdb0000', '7', 'JK1014003', 'PCS', '1200', '2', null, null, null, null, null, null, '7.50', null, '3');
INSERT INTO `export_product` VALUES ('8a7e843759b44c920159b4516bed0014', '8a7e843759b44c920159b4516bdb0000', '4028817a33d4f8b40133d9989f5e0024', '5095', 'PCS', '300', '1', null, null, null, null, null, null, '14.00', null, '8');
INSERT INTO `export_product` VALUES ('8a7e843759b44c920159b4516bed0015', '8a7e843759b44c920159b4516bdb0000', '2', '9869', 'PCS', '600', '1', null, null, null, null, null, null, '16.00', null, '28');
INSERT INTO `export_product` VALUES ('8a7e843759b44c920159b4516bed0016', '8a7e843759b44c920159b4516bdb0000', '4', '5400', 'PCS', '300', '1', null, null, null, null, null, null, '11.50', null, '16');
INSERT INTO `export_product` VALUES ('8a7e843759b44c920159b4516bf10018', '8a7e843759b44c920159b4516bdb0000', '4', '5336', 'PCS', '300', '1', null, null, null, null, null, null, '8.00', null, '14');
INSERT INTO `export_product` VALUES ('8a7e843759b44c920159b4516bf2001a', '8a7e843759b44c920159b4516bdb0000', '2', '843MA', 'PCS', '600', '1', null, null, null, null, null, null, '16.00', null, '21');
INSERT INTO `export_product` VALUES ('8a7e843759b44c920159b4516bf2001b', '8a7e843759b44c920159b4516bdb0000', '4', '4993', 'PCS', '300', '1', null, null, null, null, null, null, '8.50', null, '1');
INSERT INTO `export_product` VALUES ('8a7e843759b44c920159b4516bf2001d', '8a7e843759b44c920159b4516bdb0000', '4', '4996', 'PCS', '300', '1', null, null, null, null, null, null, '10.50', null, '4');
INSERT INTO `export_product` VALUES ('8a7e843759b44c920159b4516bf3001f', '8a7e843759b44c920159b4516bdb0000', '2', '844MA', 'PCS', '600', '1', null, null, null, null, null, null, '16.00', null, '22');
INSERT INTO `export_product` VALUES ('8a7e843759b44c920159b4516bf30020', '8a7e843759b44c920159b4516bdb0000', '4', '5331', 'PCS', '300', '1', null, null, null, null, null, null, '11.50', null, '13');
INSERT INTO `export_product` VALUES ('8a7e843759b44c920159b4516bf30022', '8a7e843759b44c920159b4516bdb0000', '2', '603MA', 'PCS', '600', '1', null, null, null, null, null, null, '20.00', null, '19');
INSERT INTO `export_product` VALUES ('8a7e843759b44c920159b4516bf30023', '8a7e843759b44c920159b4516bdb0000', '7', '9749', 'PCS', '304', '4', null, null, null, null, null, null, '6.50', null, '30');
INSERT INTO `export_product` VALUES ('8a7e843759b44c920159b4516bf30024', '8a7e843759b44c920159b4516bdb0000', '2', '5118', 'PCS', '300', '1', null, null, null, null, null, null, '16.00', null, '11');
INSERT INTO `export_product` VALUES ('8a7e843759b44c920159b4516bf40026', '8a7e843759b44c920159b4516bdb0000', '4', '4998', 'PCS', '300', '1', null, null, null, null, null, null, '10.50', null, '6');
INSERT INTO `export_product` VALUES ('8a7e843759b44c920159b4516bf40028', '8a7e843759b44c920159b4516bdb0000', '2', '8759', 'PCS', '600', '1', null, null, null, null, null, null, '15.00', null, '25');
INSERT INTO `export_product` VALUES ('8a7e843759b44c920159b4516bf40029', '8a7e843759b44c920159b4516bdb0000', '1', 'JK1014005', 'PCS', '1800', '4', null, null, null, null, null, null, '5.30', null, '4');
INSERT INTO `export_product` VALUES ('8a7e843759b44c920159b4516bf4002b', '8a7e843759b44c920159b4516bdb0000', '4028817a33d4f8b40133d9989f5e0024', '5094', 'PCS', '300', '1', null, null, null, null, null, null, '14.50', null, '7');
INSERT INTO `export_product` VALUES ('8a7e843759b44c920159b4516bf5002c', '8a7e843759b44c920159b4516bdb0000', '1', 'JK1014001', 'PCS', '1000', '1', null, null, null, null, null, null, '16.50', null, '2');
INSERT INTO `export_product` VALUES ('8a7e843759b44c920159b4516bf5002e', '8a7e843759b44c920159b4516bdb0000', '7', '9749', 'PCS', '304', '4', null, null, null, null, null, null, '6.50', null, '31');
INSERT INTO `export_product` VALUES ('8a7e843759b44c920159b4516bf5002f', '8a7e843759b44c920159b4516bdb0000', '1', 'JK1080766-3', 'PCS', '1800', '3', null, null, null, null, null, null, '5.30', null, '1');
INSERT INTO `export_product` VALUES ('8a7e843759b44c920159b4516bf70031', '8a7e843759b44c920159b4516bdb0000', '7', '5099', 'PCS', '300', '1', null, null, null, null, null, null, '11.00', null, '9');
INSERT INTO `export_product` VALUES ('8a7e843759b44c920159b4516bf70032', '8a7e843759b44c920159b4516bdb0000', '2', '6998', 'PCS', '300', '1', null, null, null, null, null, null, '19.00', null, '20');
INSERT INTO `export_product` VALUES ('8a7e843759b44c920159b4516bf70034', '8a7e843759b44c920159b4516bdb0000', '7', '8708', 'PCS', '600', '1', null, null, null, null, null, null, '6.50', null, '23');
INSERT INTO `export_product` VALUES ('8a7e81015ad03e38015ad0408dd20005', '8a7e81015ad03e38015ad0408dbc0000', '7', '8708/6203', 'PCS', '600', '4', '1.00', null, null, null, null, null, '6.50', null, '1');
INSERT INTO `export_product` VALUES ('8a7e81015ad03e38015ad0408dd20006', '8a7e81015ad03e38015ad0408dbc0000', '7', '9954/6309', 'PCS', '408', '4', null, null, null, null, null, null, '11.50', null, '7');
INSERT INTO `export_product` VALUES ('8a7e81015ad03e38015ad0408dd30007', '8a7e81015ad03e38015ad0408dbc0000', '7', '9956/6308', 'PCS', '408', '4', null, null, null, null, null, null, '11.50', null, '9');
INSERT INTO `export_product` VALUES ('8a7e81015ad03e38015ad0408dd30008', '8a7e81015ad03e38015ad0408dbc0000', '7', '8709/6204', 'PCS', '600', '4', null, null, '3.00', null, null, null, '6.50', null, '2');
INSERT INTO `export_product` VALUES ('8a7e81015ad03e38015ad0408dd30009', '8a7e81015ad03e38015ad0408dbc0000', '7', '9955/6105', 'PCS', '408', '4', null, null, null, null, null, null, '11.50', null, '8');
INSERT INTO `export_product` VALUES ('8a7e81015ad03e38015ad0408dd4000a', '8a7e81015ad03e38015ad0408dbc0000', '1', '20-37-265/JK1050163', 'PCS', '1200', '1', null, '2.00', null, null, null, null, '11.00', null, '2');
INSERT INTO `export_product` VALUES ('8a7e84635711a251015711da96e8003f', '8a7e84635711a251015711da96e8003e', '1', '20-37-264/JK1051087', 'PCS', '1200', '1', '1.00', '2.00', null, null, '5.00', '9.00', '9.50', '10.40', '1');
INSERT INTO `export_product` VALUES ('8a7e84635711a251015711da96e90041', '8a7e84635711a251015711da96e8003e', '12', 'CP1002', 'SETS', '10', '5', null, null, '3.00', '7.00', null, null, '30.00', '10.80', '546');
INSERT INTO `export_product` VALUES ('8a7e84635711a251015711da96ea0043', '8a7e84635711a251015711da96e8003e', '1', '20-37-265/JK1050163', 'PCS', '1200', '1', null, '2.00', null, '4.00', '8.00', null, '11.00', '11.20', '2');
INSERT INTO `export_product` VALUES ('8a7e841959483bac0159483d2bd10001', '8a7e841959483bac0159483d2bc00000', '2', '2964', 'PCS', '144', '1', '1.00', null, null, null, null, null, '24.00', '10.80', '1');
INSERT INTO `export_product` VALUES ('8a7e841959483bac0159483d2bd20003', '8a7e841959483bac0159483d2bc00000', '2', '2976', 'PCS', '144', '1', null, '2.00', null, null, null, '6.00', '17.00', '11.20', '3');
INSERT INTO `export_product` VALUES ('8a7e841959483bac0159483d2bd20006', '8a7e841959483bac0159483d2bc00000', '2', '2977', 'PCS', '144', '1', null, null, '3.00', null, '5.00', null, '17.00', '10.40', '4');
INSERT INTO `export_product` VALUES ('8a7e841959483bac0159483d2bd20007', '8a7e841959483bac0159483d2bc00000', '12', 'CP45454', 'SETS', '30', '10', null, null, null, '4.00', null, null, '30.00', '11.60', '546');
INSERT INTO `export_product` VALUES ('4028d3cf567275410156735276210002', '4028d3cf567275410156735276210001', '9', 'JK110102', 'PCS', '150', '1', '7.00', null, null, null, null, null, '10.00', '14.00', '3');
INSERT INTO `export_product` VALUES ('4028d3cf567275410156735276210003', '4028d3cf567275410156735276210001', '2', 'JK169340/13076', 'PCS', '464', '1', null, null, null, null, null, null, '36.00', '14.80', '8');
INSERT INTO `export_product` VALUES ('4028d3cf567275410156735276220005', '4028d3cf567275410156735276210001', '1', 'JK1050068/11314', 'PCS', '608', '4', null, null, null, null, null, null, '11.20', '16.80', '3');
INSERT INTO `export_product` VALUES ('4028d3cf567275410156735276220006', '4028d3cf567275410156735276210001', '13', 'JK103134/11989', 'PCS', '832', '4', null, null, null, null, null, null, '6.00', '16.00', '7');
INSERT INTO `export_product` VALUES ('4028d3cf567275410156735276220007', '4028d3cf567275410156735276210001', '1', 'JK1050154/11308', 'PCS', '704', '4', null, null, '5.00', null, '55.00', null, '7.50', '16.40', '2');
INSERT INTO `export_product` VALUES ('4028d3cf567275410156735276220008', '4028d3cf567275410156735276210001', '2', 'JK1050317/12006', 'PCS', '168', '1', null, null, null, null, null, null, '9.50', '10.80', '9');
INSERT INTO `export_product` VALUES ('4028d3cf567275410156735276230009', '4028d3cf567275410156735276210001', '1', 'JK1050152/11306', 'PCS', '608', '4', null, '2.00', null, null, null, '2.00', '8.50', '11.20', '1');
INSERT INTO `export_product` VALUES ('4028d3cf56727541015673527623000a', '4028d3cf567275410156735276210001', '2', 'JK103233/11301', 'PCS', '12', '1', null, null, null, null, null, null, '18.00', '12.80', '11');
INSERT INTO `export_product` VALUES ('4028d3cf56727541015673527623000b', '4028d3cf567275410156735276210001', '9', 'JK110101', 'PCS', '152', '1', null, null, null, null, null, null, '8.50', '12.40', '4');
INSERT INTO `export_product` VALUES ('4028d3cf56727541015673527623000c', '4028d3cf567275410156735276210001', '13', 'JK103136/11988', 'PCS', '928', '4', null, null, null, null, null, null, '6.30', '10.40', '5');
INSERT INTO `export_product` VALUES ('4028d3cf56727541015673527624000d', '4028d3cf567275410156735276210001', '1', 'JK110101', 'PCS', '152', '1', null, null, '3.00', null, '3.00', null, '22.00', '11.60', '1');
INSERT INTO `export_product` VALUES ('4028d3cf56727541015673527624000e', '4028d3cf567275410156735276210001', '2', 'JK1050316/12005', 'PCS', '162', '1', null, null, null, null, null, null, '12.50', '14.40', '10');
INSERT INTO `export_product` VALUES ('4028d3cf56727541015673527624000f', '4028d3cf567275410156735276210001', '1', 'JK110102', 'PCS', '150', '1', null, '6.00', null, null, null, '6.00', '32.00', '13.20', '2');
INSERT INTO `export_product` VALUES ('4028d3cf567275410156735276240010', '4028d3cf567275410156735276210001', '1', '20-37-266/JK1050164', 'PCS', '1200', '1', null, null, null, null, null, null, '13.00', '12.00', '3');
INSERT INTO `export_product` VALUES ('4028d3cf567275410156735276250012', '4028d3cf567275410156735276210001', '1', '20-37-264/JK1051087', 'PCS', '1200', '1', '1.00', null, null, null, null, null, '9.50', '17.20', '1');
INSERT INTO `export_product` VALUES ('4028d3cf567275410156735276250014', '4028d3cf567275410156735276210001', '2', 'JK1050201/12078', 'PCS', '204', '1', null, null, null, null, null, null, '18.00', '15.60', '4');
INSERT INTO `export_product` VALUES ('4028d3cf567275410156735276280016', '4028d3cf567275410156735276210001', '1', '20-37-265/JK1050163', 'PCS', '1200', '1', null, null, null, '4.00', null, null, '11.00', '15.20', '2');
INSERT INTO `export_product` VALUES ('4028d3cf567275410156735276280018', '4028d3cf567275410156735276210001', '13', 'JK1060019/11990', 'PCS', '696', '4', null, null, null, null, null, null, '5.00', '13.60', '6');

-- ----------------------------
-- Table structure for ext_cproduct
-- ----------------------------
DROP TABLE IF EXISTS `ext_cproduct`;
CREATE TABLE `ext_cproduct` (
  `ext_cproduct_id` varchar(40) NOT NULL,
  `contract_product_id` varchar(40) DEFAULT NULL,
  `factory_id` varchar(40) DEFAULT NULL,
  `factory_name` varchar(200) DEFAULT NULL,
  `product_no` varchar(50) DEFAULT NULL,
  `product_image` varchar(200) DEFAULT NULL,
  `product_desc` varchar(600) DEFAULT NULL,
  `packing_unit` varchar(10) DEFAULT NULL COMMENT 'PCS/SETS',
  `cnumber` bigint(11) DEFAULT NULL,
  `price` double(10,2) DEFAULT NULL,
  `amount` bigint(10) DEFAULT NULL COMMENT '自动计算: 数量x单价',
  `product_request` varchar(2000) DEFAULT NULL,
  `order_no` int(11) DEFAULT NULL,
  PRIMARY KEY (`ext_cproduct_id`),
  KEY `contract_product_id` (`contract_product_id`),
  KEY `factory_id` (`factory_id`)
) ENGINE=MyISAM DEFAULT CHARSET=utf8;

-- ----------------------------
-- Records of ext_cproduct
-- ----------------------------
INSERT INTO `ext_cproduct` VALUES ('4028817a353b8d8e01353cad7b73002b', '4028817a3420e78a013421d2e3fe0014', '4028817a33ecdbf70133ee202e49000b', '瑞成电镀厂', '5331', '51902cb9-1650-480b-8373-2da4c3f2338b.jpg', '全明料死模风灯，电镀花银喷绿色      \r\n尺寸：17X23CM高      \r\n1只/五层内盒      6只/大箱      \r\n毛坯1月30日送', 'PCS', '300', '3.50', '1050', '★   产品与封样无明显差异，唛头、标签及包装质量务必符合公司要求。 \r\n ★★  产品生产前期、中期、后期抽验率不得少于10%，质量和封样一致， \r\n       并将验货照片传回公司。 \r\n★★★ 重点客人的质量标准检验，产品抽验率不得少于50%，务必做到入箱前检查。 \r\n 交期：2012年2月15日/工厂。       没有经过我司同意无故延期交货造成严重后果的，按照客人的相关要求处理。 \r\n 开票：出货后请将增值税发票、验货报告、合同复印件及出库单一并寄至我司，以便我司安排付款。', '7');
INSERT INTO `ext_cproduct` VALUES ('4028817a353b8d8e01353cad7b73002a', '4028817a3420e78a013421a693820006', '4028817a33ecdbf70133ee202e49000b', '瑞成电镀厂', '4993', 'a803fa9e-dda1-476a-a822-a51b226aca39.jpg', '全明料死模风灯，电镀花银喷浅绿色 \r\n明料挺底      \r\n尺寸：11.5X20.3CM    \r\n1只/五层内盒      12只/大箱  \r\n毛坯1月30日送', 'PCS', '300', '1.70', '510', '★   产品与封样无明显差异，唛头、标签及包装质量务必符合公司要求。 \r\n ★★  产品生产前期、中期、后期抽验率不得少于10%，质量和封样一致， \r\n       并将验货照片传回公司。 \r\n★★★ 重点客人的质量标准检验，产品抽验率不得少于50%，务必做到入箱前检查。 \r\n 交期：2012年2月15日/工厂。       没有经过我司同意,无故延期交货造成严重后果的，按照客人的相关要求处理。 \r\n 开票：出货后请将增值税发票、验货报告、合同复印件及出库单一并寄至我司，以便我司安排付款。', '1');
INSERT INTO `ext_cproduct` VALUES ('4028817a3357462e013359291f640009', '4028817a3357462e0133592355750006', '16', '康达', '2976', 'undefined', '彩盒，新菲林\r\n配明料糖缸带盖子\r\n彩盒尺寸：25.7X25.7X35.7CM', 'PCS', '144', '3.90', '562', '1.彩盒要求350克面纸；\r\n2.工厂待用安全包装，待我司运至工厂；\r\n3.工厂免费提供1%余量，以防划伤，破损；\r\n4.交期:2011年11月05日。', '4');
INSERT INTO `ext_cproduct` VALUES ('4028817a3357462e013359291f64000a', '4028817a3357462e0133592355750006', '16', '康达', '2976', 'undefined', '彩盒，新菲林\r\n配全明料糖缸带盖子\r\n彩盒尺寸：21.5X21.5X41CM', 'PCS', '144', '3.30', '475', '1.彩盒要求350克面纸；\r\n2.工厂待用安全包装，待我司运至工厂；\r\n3.工厂免费提供1%余量，以防划伤，破损；\r\n4.交期:2011年11月05日。', '3');
INSERT INTO `ext_cproduct` VALUES ('4028817a33812ffd0133820c0a460029', '4028817a33812ffd013382048ff80026', '19', '综艺花纸', '20-37-265/JK1050163', '1af851ab-98ff-4227-ba39-1175dca33c6f.png', '蒙砂白花纸\r\n配全明料蛋糕罩\r\n\r\n送祁县宏艺厂', 'PCS', '1200', '0.38', '456', '1.产品的颜色、造型、尺寸、重量务必同我司封样一致；\r\n2.工厂免费提供2% 余量，以防损耗，代用包装送至指定工厂；请在外包装上注明相对应的合同号及货号；\r\n3.交期:2011年12月05日；', '2');
INSERT INTO `ext_cproduct` VALUES ('4028817a33d4f8b40133d994c45e0022', '4028817a33d4f8b40133d9878e880016', '19', '综艺花纸', 'JK1050201/12078', null, '蒙砂白花纸\r\n烤在蛋糕罩上\r\n送祁县光华厂', 'PCS', '204', '0.80', '163', '1.产品的颜色、造型、尺寸、务必同我司提供的样稿一致；\r\n2.工厂免费提供2% 余量，以防损耗，代用包装送至指定工厂；请在外包装上注明相对应的合同号及货号；\r\n3.交期:2011年11月20日送指定工厂。', '1');
INSERT INTO `ext_cproduct` VALUES ('4028817a33ecdbf70133edfc84d40001', '4028817a3357462e01336d3a0be10018', '19', '综艺花纸', 'JK1014005', '94d2d773-24b6-412e-b0e3-0fc9dddf0955.png', '低温鱼花纸\r\n明料低口杯\r\n祁县宏艺厂', 'PCS', '1800', '1.20', '2160', '1.产品的颜色、造型、尺寸、务必同提供的样品一致；\r\n2.工厂免费提供2% 余量，以防损耗，代用包装送至指定工厂；请在外包装上注明相对应的合同号及货号；\r\n3.交期:2011年12月10；', '4');
INSERT INTO `ext_cproduct` VALUES ('4028817a33ecdbf70133edfc84e40002', '4028817a3357462e01336d3a0be10019', '19', '综艺花纸', 'JK1080766-3', '29bb909d-d527-475d-bfbe-e5e05a02349c.png', '套3白花纸\r\n\r\n送祁县宏艺厂', 'SETS', '600', '0.60', '360', '1.产品的颜色、造型、尺寸、务必同提供的样品一致；\r\n2.工厂免费提供2% 余量，以防损耗，代用包装送至指定工厂；请在外包装上注明相对应的合同号及货号；\r\n3.交期:2011年12月10；', '1');
INSERT INTO `ext_cproduct` VALUES ('4028817a33ecdbf70133edfc84e40004', '4028817a3357462e01336d3a0be10016', '19', '综艺花纸', 'JK1014001', '7a3d341f-f473-44ce-9bd4-c7f2b87343ca.png', '低温鱼花纸\r\n明料大碗\r\n送祁县宏艺厂', 'PCS', '1000', '2.40', '2400', '1.产品的颜色、造型、尺寸、务必同提供的样品一致；\r\n2.工厂免费提供2% 余量，以防损耗，代用包装送至指定工厂；请在外包装上注明相对应的合同号及货号；\r\n3.交期:2011年12月10；', '2');
INSERT INTO `ext_cproduct` VALUES ('4028817a33ecdbf70133edfc84e40005', '4028817a3357462e01336d3a0be10015', '19', '综艺花纸', 'JK1014003', '73980c53-44f6-4232-8c04-9d08a66eeccb.png', '低温鱼花纸\r\n明料盘子\r\n\r\n送祁县天顺厂', 'PCS', '1200', '3.80', '4560', '1.产品的颜色、造型、尺寸、务必同提供的样品一致；\r\n2.工厂免费提供2% 余量，以防损耗，代用包装送至指定工厂；请在外包装上注明相对应的合同号及货号；\r\n3.交期:2011年12月10；', '3');
INSERT INTO `ext_cproduct` VALUES ('4028817a33fc4e280133fcdff5490011', '4028817a33fc4e280133fcdb13f40010', '19', '综艺花纸', 'JK046/JK1050201', 'undefined', '蒙砂白花纸\r\n烤在蛋糕罩子上\r\n送祁县光华厂', 'PCS', '600', '0.80', '480', '1.产品的颜色、造型、尺寸、重量务必同我司封样一致；\r\n2.工厂免费提供2% 余量，以防损耗，代用包装送至指定工厂；请在外包装上注明相对应的合同号及货号；\r\n3.交期:2011年11月15日；', '3');
INSERT INTO `ext_cproduct` VALUES ('4028817a33fc4e280133fcdff5490012', '4028817a33d4f8b40133d9bea39b0032', '20', '喜福来', 'JK1050807/JK033', null, '套6全明料酒杯\r\n杯碗电镀渐变色，挺底电镀\r\n尺寸：8X24CM高', 'SETS', '300', '21.00', '6300', '★   产品与封样无明显差异，唛头、标签及包装质量务必符合公司要求。 \r\n ★★  产品生产前期、中期、后期抽验率不得少于10%，质量和封样一致， \r\n       并将验货照片传回公司。 \r\n★★★ 重点客人的质量标准检验，产品抽验率不得少于50%，务必做到入箱前检查。 \r\n 交期：2011年12月15日/工厂。                          没有经过我司同意无故延期交货造成严重后果的，按照客人的相关要求处理。 \r\n 开票：出货后请将增值税发票、验货报告、合同复印件及出库单一并寄至我司，以便我司安排付款。', '2');
INSERT INTO `ext_cproduct` VALUES ('4028817a33fc4e280133fcdff5490013', '4028817a33d4f8b40133d9bea39b0030', '20', '喜福来', 'JK1050806/JK032', null, '套6全明料香槟杯\r\n杯碗电镀渐变色，挺底电镀\r\n尺寸：5.7X25CM高', 'SETS', '320', '21.00', '6720', '★   产品与封样无明显差异，唛头、标签及包装质量务必符合公司要求。 \r\n ★★  产品生产前期、中期、后期抽验率不得少于10%，质量和封样一致， \r\n       并将验货照片传回公司。 \r\n★★★ 重点客人的质量标准检验，产品抽验率不得少于50%，务必做到入箱前检查。 \r\n 交期：2011年12月15日/工厂。                          没有经过我司同意无故延期交货造成严重后果的，按照客人的相关要求处理。 \r\n 开票：出货后请将增值税发票、验货报告、合同复印件及出库单一并寄至我司，以便我司安排付款。', '1');
INSERT INTO `ext_cproduct` VALUES ('4028817a33fc4e280133fd906b0d0029', '4028817a33fc4e280133fd81e7d70027', '19', '综艺花纸', 'JK1040009/141760', null, '白色字母花纸 \r\n送祁县宏艺厂', 'PCS', '300', '0.90', '270', '1.产品的颜色、造型、尺寸、重量务必同我司封样一致；\r\n2.工厂免费提供2% 余量，以防损耗，代用包装送至指定工厂；请在外包装上注明相对应的合同号及货号；\r\n3.交期:2011年11月25日；', '3');
INSERT INTO `ext_cproduct` VALUES ('4028817a33fc4e280133fd906b0d002a', '4028817a33fc4e280133fd81e7d7001f', '19', '综艺花纸', 'J859102682/113860', null, '白色字母花纸\r\nSTORAGE ONLY\r\n祁县宏艺厂', 'PCS', '300', '0.40', '120', '1.产品的颜色、造型、尺寸、重量务必同我司封样一致；\r\n2.工厂免费提供2% 余量，以防损耗，代用包装送至指定工厂；请在外包装上注明相对应的合同号及货号；\r\n3.交期:2011年11月25日；', '1');
INSERT INTO `ext_cproduct` VALUES ('4028817a33fc4e280133fd906b0d002b', '4028817a33fc4e280133fd81e7d70026', '19', '综艺花纸', 'JK10501218/160380', null, '白色字母花纸 \r\n送祁县宏艺厂', 'PCS', '600', '0.40', '240', '1.产品的颜色、造型、尺寸、重量务必同我司封样一致；\r\n2.工厂免费提供2% 余量，以防损耗，代用包装送至指定工厂；请在外包装上注明相对应的合同号及货号；\r\n3.交期:2011年11月25日；', '4');
INSERT INTO `ext_cproduct` VALUES ('4028817a353b8d8e01353cad7b73002d', '4028817a3420e78a013421a693820003', '4028817a33ecdbf70133ee202e49000b', '瑞成电镀厂', '4994', '05b37ddc-8904-4df3-8167-b98129c600de.jpg', '全明料死模风灯，电镀花银喷浅蓝色\r\n明料挺底      \r\n尺寸：11.5X20.3CM    \r\n1只/五层内盒     12只/大箱  \r\n毛坯1月30日送', 'PCS', '300', '1.70', '510', '★   产品与封样无明显差异，唛头、标签及包装质量务必符合公司要求。 \r\n ★★  产品生产前期、中期、后期抽验率不得少于10%，质量和封样一致， \r\n       并将验货照片传回公司。 \r\n★★★ 重点客人的质量标准检验，产品抽验率不得少于50%，务必做到入箱前检查。 \r\n 交期：2012年2月15日/工厂。毛坯送至祁县瑞成玻璃镀膜厂。 \r\n       没有经过我司同意无故延期交货造成严重后果的，按照客人的相关要求处理。 \r\n 开票：出货后请将增值税发票、验货报告、合同复印件及出库单一并寄至我司，以便我司安排付款。', '2');
INSERT INTO `ext_cproduct` VALUES ('4028817a353b8d8e01353cadeab80031', '4028817a3420e78a013421a693920011', '4028817a33ecdbf70133ee202e49000b', '瑞成电镀厂', '4997', '7dbc495e-a12c-4eec-9975-c93c1b3f4297.jpg', '全明料死模风灯，电镀花银喷浅蓝色\r\n明料挺底      \r\n尺寸：11.5X30.5CM高    \r\n1只/五层内盒      6只/大箱  \r\n毛坯1月30日送', 'PCS', '300', '1.70', '510', '★   产品与封样无明显差异，唛头、标签及包装质量务必符合公司要求。 \r\n ★★  产品生产前期、中期、后期抽验率不得少于10%，质量和封样一致， \r\n       并将验货照片传回公司。 \r\n★★★ 重点客人的质量标准检验，产品抽验率不得少于50%，务必做到入箱前检查。 \r\n 交期：2012年2月15日/工厂。       没有经过我司同意无故延期交货造成严重后果的，按照客人的相关要求处理。 \r\n 开票：出货后请将增值税发票、验货报告、合同复印件及出库单一并寄至我司，以便我司安排付款。', '5');
INSERT INTO `ext_cproduct` VALUES ('4028817a353b8d8e01353cadeab80037', '4028817a3420e78a013421a693820005', '19', '综艺花纸', '5118', 'undefined', '白金字母花纸\r\nSWEETS\r\n送祁县光华厂', 'PCS', '300', '3.00', '900', '1.产品的颜色、造型、尺寸、重量务必同我司封样一致；\r\n2.工厂免费提供2% 余量，以防损耗，代用包装送至指定工厂；请在外包装上注明相对应的合同号及货号；\r\n3.交期:2012年1月15日。', '12');
INSERT INTO `ext_cproduct` VALUES ('4028817a353b8d8e01353cadec6d003a', '4028817a3420e78a013421d2e3fe0013', '4028817a33ecdbf70133ee202e49000b', '瑞成电镀厂', '5336', 'c8350cd2-47ae-4054-ad81-70004fe4eb44.jpg', '全明料死模风灯，电镀花银喷绿色      \r\n 尺寸：14.5X20CM高      \r\n1只/五层内盒      12只/大箱      \r\n毛坯1月30日送', 'PCS', '300', '3.00', '900', '★   产品与封样无明显差异，唛头、标签及包装质量务必符合公司要求。 \r\n ★★  产品生产前期、中期、后期抽验率不得少于10%，质量和封样一致， \r\n       并将验货照片传回公司。 \r\n★★★ 重点客人的质量标准检验，产品抽验率不得少于50%，务必做到入箱前检查。 \r\n 交期：2012年2月15日/工厂。       没有经过我司同意无故延期交货造成严重后果的，按照客人的相关要求处理。 \r\n 开票：出货后请将增值税发票、验货报告、合同复印件及出库单一并寄至我司，以便我司安排付款。', '8');
INSERT INTO `ext_cproduct` VALUES ('4028817a353b8d8e01353cadec6d0042', '4028817a3420e78a013421a69382000e', '4028817a33ecdbf70133ee202e49000b', '瑞成电镀厂', '4998', '44fc2f77-af8a-42d3-8d9b-fa2bafa8f47a.jpg', '全明料死模风灯，电镀花银喷浅紫色\r\n明料挺底      \r\n尺寸：11.5X30.5CM高    \r\n1只/五层内盒      6只/大箱  \r\n毛坯1月30日送', 'PCS', '300', '1.70', '510', '★   产品与封样无明显差异，唛头、标签及包装质量务必符合公司要求。 \r\n ★★  产品生产前期、中期、后期抽验率不得少于10%，质量和封样一致， \r\n       并将验货照片传回公司。 \r\n★★★ 重点客人的质量标准检验，产品抽验率不得少于50%，务必做到入箱前检查。 \r\n 交期：2012年2月15日/工厂。毛坯送至祁县瑞成玻璃镀膜厂。 \r\n       没有经过我司同意无故延期交货造成严重后果的，按照客人的相关要求处理。 \r\n 开票：出货后请将增值税发票、验货报告、合同复印件及出库单一并寄至我司，以便我司安排付款。', '6');
INSERT INTO `ext_cproduct` VALUES ('4028817a353b8d8e01353cadec6d0044', '4028817a3420e78a013421e2e3c10016', '4028817a33ecdbf70133ee202e49000b', '瑞成电镀厂', '5400', '601585a1-ba16-42bb-9ffb-d187b521be1f.jpg', '全明料死模风灯，电镀花银喷蓝色      \r\n尺寸：17X23CM高      \r\n1只/五层内盒      6只/大箱      \r\n毛坯1月30日送', 'PCS', '300', '3.50', '1050', '★   产品与封样无明显差异，唛头、标签及包装质量务必符合公司要求。 \r\n ★★  产品生产前期、中期、后期抽验率不得少于10%，质量和封样一致， \r\n       并将验货照片传回公司。 \r\n★★★ 重点客人的质量标准检验，产品抽验率不得少于50%，务必做到入箱前检查。 \r\n 交期：2012年2月15日/工厂。       没有经过我司同意无故延期交货造成严重后果的，按照客人的相关要求处理。 \r\n 开票：出货后请将增值税发票、验货报告、合同复印件及出库单一并寄至我司，以便我司安排付款。', '10');
INSERT INTO `ext_cproduct` VALUES ('4028817a353b8d8e01353d39f06c005d', '4028817a353b8d8e01353d32350d0051', '19', '综艺花纸', '5117', 'aec0cd7f-795e-4c5f-b8c5-532b6479c4be.jpg', '白金字母花纸\r\nSWEETS\r\n安全包装送祁县光华厂', 'PCS', '100', '3.00', '300', '1.产品的颜色、造型、尺寸、重量务必同我司封样一致；\r\n2.工厂免费提供2% 余量，以防损耗，代用包装送至指定工厂；请在外包装上注明相对应的合同号及货号；\r\n3.交期:2012年2月5日。', '1');
INSERT INTO `ext_cproduct` VALUES ('4028817a353b8d8e01353d39f06c005e', '4028817a353b8d8e01353d32350d005b', '4028817a33ecdbf70133ee202e49000b', '瑞成电镀厂', '5336', '4436f9d7-b0e2-4926-9cd4-f6c66333c290.jpg', '全明料死模风灯，电镀花银喷绿色      \r\n       \r\n尺寸：14.5X20CM高 \r\n1只/五层内盒      12只/大箱      \r\n毛坯1月30日送', 'PCS', '156', '3.00', '468', '★   产品与封样无明显差异，唛头、标签及包装质量务必符合公司要求。 \r\n ★★  产品生产前期、中期、后期抽验率不得少于10%，质量和封样一致， \r\n       并将验货照片传回公司。 \r\n★★★ 重点客人的质量标准检验，产品抽验率不得少于50%，务必做到入箱前检查。 \r\n 交期：2012年2月15日/工厂。       没有经过我司同意无故延期交货造成严重后果的，按照客人的相关要求处理。 \r\n 开票：出货后请将增值税发票、验货报告、合同复印件及出库单一并寄至我司，以便我司安排付款。', '4');
INSERT INTO `ext_cproduct` VALUES ('4028817a353b8d8e01353d39f06c005f', '4028817a353b8d8e01353d32350d005a', '4028817a33ecdbf70133ee202e49000b', '瑞成电镀厂', '5330', 'be775015-234a-4504-ad52-af6af53d2a9c.jpg', '全明料死模风灯，电镀花银喷紫色      \r\n      \r\n尺寸：14.5X20CM高\r\n1只/五层内盒      12只/大箱      \r\n毛坯1月30日送', 'PCS', '156', '3.00', '468', '★   产品与封样无明显差异，唛头、标签及包装质量务必符合公司要求。 \r\n ★★  产品生产前期、中期、后期抽验率不得少于10%，质量和封样一致， \r\n       并将验货照片传回公司。 \r\n★★★ 重点客人的质量标准检验，产品抽验率不得少于50%，务必做到入箱前检查。 \r\n 交期：2012年2月15日/工厂。       没有经过我司同意无故延期交货造成严重后果的，按照客人的相关要求处理。 \r\n 开票：出货后请将增值税发票、验货报告、合同复印件及出库单一并寄至我司，以便我司安排付款。', '3');
INSERT INTO `ext_cproduct` VALUES ('4028817a353b8d8e01353d39f06c0060', '4028817a353b8d8e01353d32350d0055', '19', '综艺花纸', '5118', 'undefined', '白金字母花纸\r\nSWEETS\r\n安全包装送祁县光华厂', 'PCS', '100', '3.00', '300', '1.产品的颜色、造型、尺寸、重量务必同我司封样一致；\r\n2.工厂免费提供2% 余量，以防损耗，代用包装送至指定工厂；请在外包装上注明相对应的合同号及货号；\r\n3.交期:2012年2月5日。', '2');
INSERT INTO `ext_cproduct` VALUES ('4028817a353b8d8e01353d39f06c0061', '4028817a353b8d8e01353d32350d0057', '4028817a33ecdbf70133ee202e49000b', '瑞成电镀厂', '5337', '673a4e11-3706-4beb-b958-ee1d7c564b3b.jpg', '全明料死模风灯，电镀花银喷蓝色      \r\n       \r\n尺寸：14.5X20CM高      \r\n1只/五层内盒      12只/大箱    \r\n毛坯1月30日送', 'PCS', '156', '3.00', '468', '★   产品与封样无明显差异，唛头、标签及包装质量务必符合公司要求。 \r\n ★★  产品生产前期、中期、后期抽验率不得少于10%，质量和封样一致， \r\n       并将验货照片传回公司。 \r\n★★★ 重点客人的质量标准检验，产品抽验率不得少于50%，务必做到入箱前检查。 \r\n 交期：2012年2月15日/工厂。       没有经过我司同意无故延期交货造成严重后果的，按照客人的相关要求处理。 \r\n 开票：出货后请将增值税发票、验货报告、合同复印件及出库单一并寄至我司，以便我司安排付款。', '5');
INSERT INTO `ext_cproduct` VALUES ('4028817a33fc4e280133fd906b0d002c', '4028817a33fc4e280133fd81e7d70021', '19', '综艺花纸', '123540', null, '白色字母花纸(HIGH TEA)\r\n字体：ENGLISH SCRIPT\r\n尺寸：18X5.5CM\r\n祁县光华厂', 'PCS', '100', '0.30', '30', '1.产品的颜色、造型、尺寸、重量务必同我司封样一致；\r\n2.工厂免费提供2% 余量，以防损耗，代用包装送至指定工厂；请在外包装上注明相对应的合同号及货号；\r\n3.交期:2011年11月25日；', '5');
INSERT INTO `ext_cproduct` VALUES ('4028817a33fc4e280133fd906b0d002d', '4028817a33fc4e280133fd81e7d70022', '19', '综艺花纸', 'JK1052446/158080', null, '白色字母花纸\r\n\r\n \r\n祁县会龙厂', 'PCS', '702', '0.25', '176', '1.产品的颜色、造型、尺寸、重量务必同我司封样一致；\r\n2.工厂免费提供2% 余量，以防损耗，代用包装送至指定工厂；请在外包装上注明相对应的合同号及货号；\r\n3.交期:2011年11月25日；', '2');
INSERT INTO `ext_cproduct` VALUES ('4028817a33fc4e280133fd906b0d002e', '4028817a33fc4e280133fd81e7d7001e', '19', '综艺花纸', '169280', 'undefined', '白色字母花纸(HIGH TEA)\r\n字体：ENGLISH SCRIPT\r\n尺寸：18X5.5CM\r\n祁县光华厂', 'PCS', '100', '0.30', '30', '1.产品的颜色、造型、尺寸、重量务必同我司封样一致；\r\n2.工厂免费提供2% 余量，以防损耗，代用包装送至指定工厂；请在外包装上注明相对应的合同号及货号；\r\n3.交期:2011年11月25日；', '6');
INSERT INTO `ext_cproduct` VALUES ('4028817a33fc4e280133fded2e6d0040', '4028817a33fc4e280133fde6504f0039', '19', '综艺花纸', 'JK169340/13076', 'undefined', '蒙砂白花纸\r\n\"烤在蛋糕罩子上(25X26CM)\r\n\"\r\n祁县光华厂', 'PCS', '200', '1.02', '204', '1.产品的颜色、造型、尺寸、重量务必同我司封样一致；\r\n2.工厂免费提供2% 余量，以防损耗，代用包装送至指定工厂；请在外包装上注明相对应的合同号及货号；\r\n3.交期:2011年11月20日', '4');
INSERT INTO `ext_cproduct` VALUES ('4028817a33fc4e280133fded2e6d0041', '4028817a33fc4e280133fde6504f0038', '19', '综艺花纸', 'JK1050198/12860', 'undefined', '蒙砂白花纸\r\n烤在红酒杯（11X19CM)上\r\n送平遥鸿艺', 'PCS', '400', '0.49', '196', '1.产品的颜色、造型、尺寸、重量务必同我司封样一致；\r\n2.工厂免费提供2% 余量，以防损耗，代用包装送至指定工厂；请在外包装上注明相对应的合同号及货号；\r\n3.交期:2011年11月20日', '3');
INSERT INTO `ext_cproduct` VALUES ('4028817a33fc4e280133fded2e6d0042', '4028817a33fc4e280133fde6504f003c', '19', '综艺花纸', 'JK1050195/12859', 'undefined', '蒙砂白花纸\r\n烤在香槟杯(8X21CM)上\r\n送平遥鸿艺', 'PCS', '400', '0.40', '160', '1.产品的颜色、造型、尺寸、重量务必同我司封样一致；\r\n2.工厂免费提供2% 余量，以防损耗，代用包装送至指定工厂；请在外包装上注明相对应的合同号及货号；\r\n3.交期:2011年11月20日', '2');
INSERT INTO `ext_cproduct` VALUES ('4028817a33fc4e280133fded2e6d0043', '4028817a33fc4e280133fde6504f0037', '19', '综艺花纸', 'JK1050201/12078', null, '蒙砂白花纸\r\n烤在蛋糕罩子上\r\n祁县光华厂', 'PCS', '402', '0.80', '322', '1.产品的颜色、造型、尺寸、重量务必同我司封样一致；\r\n2.工厂免费提供2% 余量，以防损耗，代用包装送至指定工厂；请在外包装上注明相对应的合同号及货号；\r\n3.交期:2011年11月20日；', '1');
INSERT INTO `ext_cproduct` VALUES ('4028817a343a5c9101343a6fd3200001', '4028817a33812ffd0133816aacd40019', '22', '瑞成', '4998', 'undefined', '全明料死模风灯 ，电镀花银喷紫色\r\n尺寸：11.5X30.5CM', 'PCS', '300', '1.70', '510', '★   产品与封样无明显差异，唛头、标签及包装质量务必符合公司要求。 \r\n ★★  产品生产前期、中期、后期抽验率不得少于10%，质量和封样一致， \r\n       并将验货照片传回公司。 \r\n★★★ 重点客人的质量标准检验，产品抽验率不得少于50%，务必做到入箱前检查。 \r\n 交期：2012年1月10日/工厂。\r\n       没有经过我司同意无故延期交货造成严重后果的，按照客人的相关要求处理。 \r\n 开票：出货后请将增值税发票、验货报告、合同复印件及出库单一并寄至我司，以便我司安排付款。', '6');
INSERT INTO `ext_cproduct` VALUES ('4028817a343a5c9101343a6fd35f0002', '4028817a33812ffd0133816aacd40017', '19', '综艺花纸', '5117', 'undefined', '白金字母花纸\r\nSWEETS\r\n送祁县光华厂', 'PCS', '300', '3.00', '900', '1.产品的颜色、造型、尺寸、重量务必同我司封样一致；\r\n2.工厂免费提供2% 余量，以防损耗，代用包装送至指定工厂；请在外包装上注明相对应的合同号及货号；\r\n3.交期:2011年11月30日；', '12');
INSERT INTO `ext_cproduct` VALUES ('4028817a343a5c9101343a6fd35f0003', '4028817a33812ffd0133813f25a30002', '22', '瑞成', '4993', null, '全明料死模风灯，电镀花银喷绿色\r\n尺寸：11.5X20.3CM\r\n毛坯1月25日送', 'PCS', '300', '1.70', '510', '★   产品与封样无明显差异，唛头、标签及包装质量务必符合公司要求。 \r\n ★★  产品生产前期、中期、后期抽验率不得少于10%，质量和封样一致， \r\n       并将验货照片传回公司。 \r\n★★★ 重点客人的质量标准检验，产品抽验率不得少于50%，务必做到入箱前检查。 \r\n 交期：2012年1月10日/工厂。\r\n       没有经过我司同意无故延期交货造成严重后果的，按照客人的相关要求处理。 \r\n 开票：出货后请将增值税发票、验货报告、合同复印件及出库单一并寄至我司，以便我司安排付款。', '1');
INSERT INTO `ext_cproduct` VALUES ('4028817a343a5c9101343a6fd35f0004', '4028817a33812ffd0133816aacd40018', '22', '瑞成', '5400', 'undefined', '全明料死模风灯，电镀花银喷蓝色\r\n尺寸：17X23CM高', 'PCS', '300', '3.50', '1050', '★   产品与封样无明显差异，唛头、标签及包装质量务必符合公司要求。 \r\n ★★  产品生产前期、中期、后期抽验率不得少于10%，质量和封样一致， \r\n       并将验货照片传回公司。 \r\n★★★ 重点客人的质量标准检验，产品抽验率不得少于50%，务必做到入箱前检查。 \r\n 交期：2012年1月10日/工厂。\r\n       没有经过我司同意无故延期交货造成严重后果的，按照客人的相关要求处理。 \r\n 开票：出货后请将增值税发票、验货报告、合同复印件及出库单一并寄至我司，以便我司安排付款。', '10');
INSERT INTO `ext_cproduct` VALUES ('4028817a343a5c9101343a6fd35f0005', '4028817a33812ffd0133816aacd4000d', '22', '瑞成', '4996', 'undefined', '全明料死模风灯，电镀花银喷绿色\r\n尺寸：11.5X30.5CM高', 'PCS', '300', '1.70', '510', '★   产品与封样无明显差异，唛头、标签及包装质量务必符合公司要求。 \r\n ★★  产品生产前期、中期、后期抽验率不得少于10%，质量和封样一致， \r\n       并将验货照片传回公司。 \r\n★★★ 重点客人的质量标准检验，产品抽验率不得少于50%，务必做到入箱前检查。 \r\n 交期：2012年1月10日/工厂。\r\n       没有经过我司同意无故延期交货造成严重后果的，按照客人的相关要求处理。 \r\n 开票：出货后请将增值税发票、验货报告、合同复印件及出库单一并寄至我司，以便我司安排付款。', '4');
INSERT INTO `ext_cproduct` VALUES ('4028817a343a5c9101343a6fd35f0006', '4028817a33812ffd0133816aacd40014', '22', '瑞成', '5336', null, '全明料死模风灯，电镀花银喷绿色\r\n尺寸：14.5X20CM高', 'PCS', '300', '2.00', '600', '★   产品与封样无明显差异，唛头、标签及包装质量务必符合公司要求。 \r\n ★★  产品生产前期、中期、后期抽验率不得少于10%，质量和封样一致，\r\n       并将验货照片传回公司。 \r\n★★★ 重点客人的质量标准检验，产品抽验率不得少于50%，务必做到入箱前检查。 \r\n 交期：2012年1月10日/工厂。\r\n       没有经过我司同意无故延期交货造成严重后果的，按照客人的相关要求处理。 \r\n 开票：出货后请将增值税发票、验货报告、合同复印件及出库单一并寄至我司，以便我司安排付款。', '8');
INSERT INTO `ext_cproduct` VALUES ('4028817a343a5c9101343a6fd35f0007', '4028817a33812ffd0133813f25a30003', '22', '瑞成', '4994', 'undefined', '全明料死模风灯，电镀花银喷蓝色\r\n尺寸：11.5X20.3CM高', 'PCS', '300', '1.70', '510', '★   产品与封样无明显差异，唛头、标签及包装质量务必符合公司要求。 \r\n ★★  产品生产前期、中期、后期抽验率不得少于10%，质量和封样一致， \r\n       并将验货照片传回公司。 \r\n★★★ 重点客人的质量标准检验，产品抽验率不得少于50%，务必做到入箱前检查。 \r\n 交期：2012年1月10日/工厂。\r\n       没有经过我司同意无故延期交货造成严重后果的，按照客人的相关要求处理。 \r\n 开票：出货后请将增值税发票、验货报告、合同复印件及出库单一并寄至我司，以便我司安排付款。', '2');
INSERT INTO `ext_cproduct` VALUES ('4028817a343a5c9101343a6fd35f0008', '4028817a33812ffd0133816aacd40011', '20', '喜福来', '6998', null, '全明料蛋糕盘，盘沿电镀\r\n尺寸：6-1/2\"X12-1/2\"高', 'PCS', '300', '6.00', '1800', '★   产品与封样无明显差异，唛头、标签及包装质量务必符合公司要求。 \r\n ★★  产品生产前期、中期、后期抽验率不得少于10%，质量和封样一致， \r\n       并将验货照片传回公司。 \r\n★★★ 重点客人的质量标准检验，产品抽验率不得少于50%，务必做到入箱前检查。 \r\n 交期：2012年1月10日/工厂。\r\n       没有经过我司同意无故延期交货造成严重后果的，按照客人的相关要求处理。 \r\n 开票：出货后请将增值税发票、验货报告、合同复印件及出库单一并寄至我司，以便我司安排付款。', '11');
INSERT INTO `ext_cproduct` VALUES ('4028817a343a5c9101343a6fd35f0009', '4028817a33812ffd0133816aacd4000c', '22', '瑞成', '4997', null, '全明料死模风灯，电镀花银喷蓝色\r\n尺寸：11.5X30.5CM高', 'PCS', '300', '1.70', '510', '★   产品与封样无明显差异，唛头、标签及包装质量务必符合公司要求。 \r\n ★★  产品生产前期、中期、后期抽验率不得少于10%，质量和封样一致， \r\n       并将验货照片传回公司。 \r\n★★★ 重点客人的质量标准检验，产品抽验率不得少于50%，务必做到入箱前检查。 \r\n 交期：2012年1月10日/工厂。\r\n       没有经过我司同意无故延期交货造成严重后果的，按照客人的相关要求处理。 \r\n 开票：出货后请将增值税发票、验货报告、合同复印件及出库单一并寄至我司，以便我司安排付款。', '5');
INSERT INTO `ext_cproduct` VALUES ('4028817a343a5c9101343a6fd35f000a', '4028817a33812ffd0133816aacd40012', '19', '综艺花纸', '5118', 'undefined', '白金字母花纸\r\nSWEETS\r\n送祁县光华厂', 'PCS', '600', '3.00', '1800', '1.产品的颜色、造型、尺寸、重量务必同我司封样一致；\r\n2.工厂免费提供2% 余量，以防损耗，代用包装送至指定工厂；请在外包装上注明相对应的合同号及货号；\r\n3.交期:2011年11月30日；', '13');
INSERT INTO `ext_cproduct` VALUES ('4028817a343a5c9101343a6fd35f000b', '4028817a33812ffd0133816aacd40015', '22', '瑞成', '5337', null, '全明料死模风灯，电镀花银喷蓝色\r\n尺寸：14.5X20CM高', 'PCS', '300', '2.00', '600', '★   产品与封样无明显差异，唛头、标签及包装质量务必符合公司要求。 \r\n ★★  产品生产前期、中期、后期抽验率不得少于10%，质量和封样一致， \r\n       并将验货照片传回公司。 \r\n★★★ 重点客人的质量标准检验，产品抽验率不得少于50%，务必做到入箱前检查。 \r\n 交期：2012年1月10日/工厂。\r\n       没有经过我司同意无故延期交货造成严重后果的，按照客人的相关要求处理。 \r\n 开票：出货后请将增值税发票、验货报告、合同复印件及出库单一并寄至我司，以便我司安排付款。', '9');
INSERT INTO `ext_cproduct` VALUES ('4028817a343a5c9101343a6fd35f000c', '4028817a33812ffd0133816aacc40009', '22', '瑞成', '5331', 'undefined', '全明料死模风灯，电镀花银喷绿色\r\n尺寸：17X23CM高', 'PCS', '300', '3.50', '1050', '★   产品与封样无明显差异，唛头、标签及包装质量务必符合公司要求。 \r\n ★★  产品生产前期、中期、后期抽验率不得少于10%，质量和封样一致， \r\n       并将验货照片传回公司。 \r\n★★★ 重点客人的质量标准检验，产品抽验率不得少于50%，务必做到入箱前检查。 \r\n 交期：2012年1月10日/工厂。\r\n       没有经过我司同意无故延期交货造成严重后果的，按照客人的相关要求处理。 \r\n 开票：出货后请将增值税发票、验货报告、合同复印件及出库单一并寄至我司，以便我司安排付款。', '7');
INSERT INTO `ext_cproduct` VALUES ('4028817a343a5c9101343a6fd35f000d', '4028817a33812ffd0133813f25a30004', '22', '瑞成', '4995', 'undefined', '全明料死模风灯，电镀花银喷紫色\r\n尺寸：11.5X20.3CM', 'PCS', '300', '1.70', '510', '★   产品与封样无明显差异，唛头、标签及包装质量务必符合公司要求。 \r\n ★★  产品生产前期、中期、后期抽验率不得少于10%，质量和封样一致， \r\n       并将验货照片传回公司。 \r\n★★★ 重点客人的质量标准检验，产品抽验率不得少于50%，务必做到入箱前检查。 \r\n 交期：2012年1月10日/工厂。\r\n       没有经过我司同意无故延期交货造成严重后果的，按照客人的相关要求处理。 \r\n 开票：出货后请将增值税发票、验货报告、合同复印件及出库单一并寄至我司，以便我司安排付款。', '3');
INSERT INTO `ext_cproduct` VALUES ('4028817a353b8d8e01353cad7b730023', '4028817a3420e78a013421a693820007', '19', '综艺花纸', '5117', 'undefined', '白金字母花纸\r\nSWEETS\r\n送祁县光华厂', 'PCS', '300', '3.00', '900', '1.产品的颜色、造型、尺寸、重量务必同我司封样一致；\r\n2.工厂免费提供2% 余量，以防损耗，代用包装送至指定工厂；请在外包装上注明相对应的合同号及货号；\r\n3.交期:2012年1月15日。', '11');
INSERT INTO `ext_cproduct` VALUES ('4028817a353b8d8e01353cad7b730024', '4028817a3420e78a013421e2e3c1001a', '4028817a33ecdbf70133ee202e49000b', '瑞成电镀厂', '5337', 'e877a4e2-2e48-4b06-91a8-3fb64f150a0f.jpg', '全明料死模风灯，电镀花银喷蓝色      \r\n尺寸：14.5X20CM高      \r\n1只/五层内盒      12只/大箱      \r\n毛坯1月30日送', 'PCS', '300', '3.00', '900', '★   产品与封样无明显差异，唛头、标签及包装质量务必符合公司要求。 \r\n ★★  产品生产前期、中期、后期抽验率不得少于10%，质量和封样一致， \r\n       并将验货照片传回公司。 \r\n★★★ 重点客人的质量标准检验，产品抽验率不得少于50%，务必做到入箱前检查。 \r\n 交期：2012年2月15日/工厂。       没有经过我司同意无故延期交货造成严重后果的，按照客人的相关要求处理。 \r\n 开票：出货后请将增值税发票、验货报告、合同复印件及出库单一并寄至我司，以便我司安排付款。', '9');
INSERT INTO `ext_cproduct` VALUES ('4028817a353b8d8e01353cad7b730027', '4028817a3420e78a013421a693820002', '4028817a33ecdbf70133ee202e49000b', '瑞成电镀厂', '4995', 'b232e729-a02f-48b2-987b-2c6311827816.jpg', '全明料死模风灯，电镀花银喷浅紫色\r\n明料挺底      \r\n尺寸：11.5X20.3CM    \r\n1只/五层内盒     12只/大箱  \r\n毛坯1月30日送', 'PCS', '300', '1.70', '510', '★   产品与封样无明显差异，唛头、标签及包装质量务必符合公司要求。 \r\n ★★  产品生产前期、中期、后期抽验率不得少于10%，质量和封样一致， \r\n       并将验货照片传回公司。 \r\n★★★ 重点客人的质量标准检验，产品抽验率不得少于50%，务必做到入箱前检查。 \r\n 交期：2012年2月15日/工厂。毛坯送至祁县瑞成玻璃镀膜厂。 \r\n       没有经过我司同意无故延期交货造成严重后果的，按照客人的相关要求处理。 \r\n 开票：出货后请将增值税发票、验货报告、合同复印件及出库单一并寄至我司，以便我司安排付款。', '3');
INSERT INTO `ext_cproduct` VALUES ('4028817a353b8d8e01353cad7b730029', '4028817a3420e78a013421a693820004', '4028817a33ecdbf70133ee202e49000b', '瑞成电镀厂', '4996', '987692c0-6e47-4117-b6c8-3dbbeaca1b0c.jpg', '全明料死模风灯，电镀花银喷浅绿色\r\n明料挺底      \r\n尺寸：11.5X30.5CM高    \r\n1只/五层内盒      6只/大箱  \r\n毛坯1月30日送', 'PCS', '300', '1.70', '510', '★   产品与封样无明显差异，唛头、标签及包装质量务必符合公司要求。 \r\n ★★  产品生产前期、中期、后期抽验率不得少于10%，质量和封样一致， \r\n       并将验货照片传回公司。 \r\n★★★ 重点客人的质量标准检验，产品抽验率不得少于50%，务必做到入箱前检查。 \r\n 交期：2012年2月15日/工厂。毛坯送至祁县瑞成玻璃镀膜厂。 \r\n       没有经过我司同意无故延期交货造成严重后果的，按照客人的相关要求处理。 \r\n 开票：出货后请将增值税发票、验货报告、合同复印件及出库单一并寄至我司，以便我司安排付款。', '4');

-- ----------------------------
-- Table structure for ext_eproduct
-- ----------------------------
DROP TABLE IF EXISTS `ext_eproduct`;
CREATE TABLE `ext_eproduct` (
  `ext_eproduct_id` varchar(40) NOT NULL,
  `factory_id` varchar(40) DEFAULT NULL,
  `export_product_id` varchar(40) DEFAULT NULL,
  `product_no` varchar(50) DEFAULT NULL,
  `product_image` varchar(200) DEFAULT NULL,
  `product_desc` varchar(600) DEFAULT NULL,
  `cnumber` bigint(11) DEFAULT NULL,
  `packing_unit` varchar(10) DEFAULT NULL COMMENT 'PCS/SETS',
  `price` double(10,2) DEFAULT NULL,
  `amount` bigint(10) DEFAULT NULL COMMENT '自动计算: 数量x单价',
  `product_request` varchar(2000) DEFAULT NULL,
  `order_no` int(11) DEFAULT NULL,
  PRIMARY KEY (`ext_eproduct_id`),
  KEY `factory_id` (`factory_id`),
  KEY `export_product_id` (`export_product_id`)
) ENGINE=MyISAM DEFAULT CHARSET=utf8;

-- ----------------------------
-- Records of ext_eproduct
-- ----------------------------
INSERT INTO `ext_eproduct` VALUES ('8a7e843358372ad30158372f66b50002', '16', '8a7e843358372ad30158372f66b40001', '2976', 'undefined', '彩盒，新菲林\r\n配明料糖缸带盖子\r\n彩盒尺寸：25.7X25.7X35.7CM', '144', 'PCS', '3.90', '562', '1.彩盒要求350克面纸；\r\n2.工厂待用安全包装，待我司运至工厂；\r\n3.工厂免费提供1%余量，以防划伤，破损；\r\n4.交期:2011年11月05日。', '4');
INSERT INTO `ext_eproduct` VALUES ('8a7e843358372ad30158372f66b50003', '16', '8a7e843358372ad30158372f66b40001', '2976', 'undefined', '彩盒，新菲林\r\n配全明料糖缸带盖子\r\n彩盒尺寸：21.5X21.5X41CM', '144', 'PCS', '3.30', '475', '1.彩盒要求350克面纸；\r\n2.工厂待用安全包装，待我司运至工厂；\r\n3.工厂免费提供1%余量，以防划伤，破损；\r\n4.交期:2011年11月05日。', '3');
INSERT INTO `ext_eproduct` VALUES ('8a7e843358372ad30158372f66b50006', '16', '8a7e843358372ad30158372f66b50005', '2964', null, '彩盒，新菲林\r\n配全明料糖缸带盖子\r\n彩盒尺寸：22.5X22.5X48.5CM', '144', 'PCS', '4.00', '576', '1.彩盒要求350克面纸；\r\n2.工厂待用安全包装，待我司运至工厂；\r\n3.工厂免费提供1%余量，以防划伤，破损；\r\n4.交期:2011年11月05日。', '1');
INSERT INTO `ext_eproduct` VALUES ('8a7e843358372ad30158372f66b60009', '16', '8a7e843358372ad30158372f66b60008', '2965', 'undefined', '彩盒，新菲林\r\n配全明料糖缸带盖子\r\n彩盒尺寸：20X20X41CM', '144', 'PCS', '3.20', '461', '1.彩盒要求350克面纸；\r\n2.工厂待用安全包装，待我司运至工厂；\r\n3.工厂免费提供1%余量，以防划伤，破损；\r\n4.交期:2011年11月05日。', '2');
INSERT INTO `ext_eproduct` VALUES ('8a7e843759b44c920159b4516bf3001e', '22', '8a7e843759b44c920159b4516bf2001d', '4996', 'undefined', '全明料死模风灯，电镀花银喷绿色\r\n尺寸：11.5X30.5CM高', '300', 'PCS', '1.70', '510', '★   产品与封样无明显差异，唛头、标签及包装质量务必符合公司要求。 \r\n ★★  产品生产前期、中期、后期抽验率不得少于10%，质量和封样一致， \r\n       并将验货照片传回公司。 \r\n★★★ 重点客人的质量标准检验，产品抽验率不得少于50%，务必做到入箱前检查。 \r\n 交期：2012年1月10日/工厂。\r\n       没有经过我司同意无故延期交货造成严重后果的，按照客人的相关要求处理。 \r\n 开票：出货后请将增值税发票、验货报告、合同复印件及出库单一并寄至我司，以便我司安排付款。', '4');
INSERT INTO `ext_eproduct` VALUES ('8a7e843759b44c920159b4516bea0005', '22', '8a7e843759b44c920159b4516bea0004', '5337', null, '全明料死模风灯，电镀花银喷蓝色\r\n尺寸：14.5X20CM高', '300', 'PCS', '2.00', '600', '★   产品与封样无明显差异，唛头、标签及包装质量务必符合公司要求。 \r\n ★★  产品生产前期、中期、后期抽验率不得少于10%，质量和封样一致， \r\n       并将验货照片传回公司。 \r\n★★★ 重点客人的质量标准检验，产品抽验率不得少于50%，务必做到入箱前检查。 \r\n 交期：2012年1月10日/工厂。\r\n       没有经过我司同意无故延期交货造成严重后果的，按照客人的相关要求处理。 \r\n 开票：出货后请将增值税发票、验货报告、合同复印件及出库单一并寄至我司，以便我司安排付款。', '9');
INSERT INTO `ext_eproduct` VALUES ('8a7e843759b44c920159b4516beb0008', '22', '8a7e843759b44c920159b4516beb0007', '4997', null, '全明料死模风灯，电镀花银喷蓝色\r\n尺寸：11.5X30.5CM高', '300', 'PCS', '1.70', '510', '★   产品与封样无明显差异，唛头、标签及包装质量务必符合公司要求。 \r\n ★★  产品生产前期、中期、后期抽验率不得少于10%，质量和封样一致， \r\n       并将验货照片传回公司。 \r\n★★★ 重点客人的质量标准检验，产品抽验率不得少于50%，务必做到入箱前检查。 \r\n 交期：2012年1月10日/工厂。\r\n       没有经过我司同意无故延期交货造成严重后果的，按照客人的相关要求处理。 \r\n 开票：出货后请将增值税发票、验货报告、合同复印件及出库单一并寄至我司，以便我司安排付款。', '5');
INSERT INTO `ext_eproduct` VALUES ('8a7e843759b44c920159b4516beb000a', '22', '8a7e843759b44c920159b4516beb0009', '4994', 'undefined', '全明料死模风灯，电镀花银喷蓝色\r\n尺寸：11.5X20.3CM高', '300', 'PCS', '1.70', '510', '★   产品与封样无明显差异，唛头、标签及包装质量务必符合公司要求。 \r\n ★★  产品生产前期、中期、后期抽验率不得少于10%，质量和封样一致， \r\n       并将验货照片传回公司。 \r\n★★★ 重点客人的质量标准检验，产品抽验率不得少于50%，务必做到入箱前检查。 \r\n 交期：2012年1月10日/工厂。\r\n       没有经过我司同意无故延期交货造成严重后果的，按照客人的相关要求处理。 \r\n 开票：出货后请将增值税发票、验货报告、合同复印件及出库单一并寄至我司，以便我司安排付款。', '2');
INSERT INTO `ext_eproduct` VALUES ('8a7e843759b44c920159b4516bec000c', '22', '8a7e843759b44c920159b4516beb000b', '4995', 'undefined', '全明料死模风灯，电镀花银喷紫色\r\n尺寸：11.5X20.3CM', '300', 'PCS', '1.70', '510', '★   产品与封样无明显差异，唛头、标签及包装质量务必符合公司要求。 \r\n ★★  产品生产前期、中期、后期抽验率不得少于10%，质量和封样一致， \r\n       并将验货照片传回公司。 \r\n★★★ 重点客人的质量标准检验，产品抽验率不得少于50%，务必做到入箱前检查。 \r\n 交期：2012年1月10日/工厂。\r\n       没有经过我司同意无故延期交货造成严重后果的，按照客人的相关要求处理。 \r\n 开票：出货后请将增值税发票、验货报告、合同复印件及出库单一并寄至我司，以便我司安排付款。', '3');
INSERT INTO `ext_eproduct` VALUES ('8a7e843759b44c920159b4516bec0011', '19', '8a7e843759b44c920159b4516bec0010', '5117', 'undefined', '白金字母花纸\r\nSWEETS\r\n送祁县光华厂', '300', 'PCS', '3.00', '900', '1.产品的颜色、造型、尺寸、重量务必同我司封样一致；\r\n2.工厂免费提供2% 余量，以防损耗，代用包装送至指定工厂；请在外包装上注明相对应的合同号及货号；\r\n3.交期:2011年11月30日；', '12');
INSERT INTO `ext_eproduct` VALUES ('8a7e843759b44c920159b4516bed0013', '19', '8a7e843759b44c920159b4516bed0012', 'JK1014003', '73980c53-44f6-4232-8c04-9d08a66eeccb.png', '低温鱼花纸\r\n明料盘子\r\n\r\n送祁县天顺厂', '1200', 'PCS', '3.80', '4560', '1.产品的颜色、造型、尺寸、务必同提供的样品一致；\r\n2.工厂免费提供2% 余量，以防损耗，代用包装送至指定工厂；请在外包装上注明相对应的合同号及货号；\r\n3.交期:2011年12月10；', '3');
INSERT INTO `ext_eproduct` VALUES ('8a7e843759b44c920159b4516bf10017', '22', '8a7e843759b44c920159b4516bed0016', '5400', 'undefined', '全明料死模风灯，电镀花银喷蓝色\r\n尺寸：17X23CM高', '300', 'PCS', '3.50', '1050', '★   产品与封样无明显差异，唛头、标签及包装质量务必符合公司要求。 \r\n ★★  产品生产前期、中期、后期抽验率不得少于10%，质量和封样一致， \r\n       并将验货照片传回公司。 \r\n★★★ 重点客人的质量标准检验，产品抽验率不得少于50%，务必做到入箱前检查。 \r\n 交期：2012年1月10日/工厂。\r\n       没有经过我司同意无故延期交货造成严重后果的，按照客人的相关要求处理。 \r\n 开票：出货后请将增值税发票、验货报告、合同复印件及出库单一并寄至我司，以便我司安排付款。', '10');
INSERT INTO `ext_eproduct` VALUES ('8a7e843759b44c920159b4516bf20019', '22', '8a7e843759b44c920159b4516bf10018', '5336', null, '全明料死模风灯，电镀花银喷绿色\r\n尺寸：14.5X20CM高', '300', 'PCS', '2.00', '600', '★   产品与封样无明显差异，唛头、标签及包装质量务必符合公司要求。 \r\n ★★  产品生产前期、中期、后期抽验率不得少于10%，质量和封样一致，\r\n       并将验货照片传回公司。 \r\n★★★ 重点客人的质量标准检验，产品抽验率不得少于50%，务必做到入箱前检查。 \r\n 交期：2012年1月10日/工厂。\r\n       没有经过我司同意无故延期交货造成严重后果的，按照客人的相关要求处理。 \r\n 开票：出货后请将增值税发票、验货报告、合同复印件及出库单一并寄至我司，以便我司安排付款。', '8');
INSERT INTO `ext_eproduct` VALUES ('8a7e843759b44c920159b4516bf2001c', '22', '8a7e843759b44c920159b4516bf2001b', '4993', null, '全明料死模风灯，电镀花银喷绿色\r\n尺寸：11.5X20.3CM\r\n毛坯1月25日送', '300', 'PCS', '1.70', '510', '★   产品与封样无明显差异，唛头、标签及包装质量务必符合公司要求。 \r\n ★★  产品生产前期、中期、后期抽验率不得少于10%，质量和封样一致， \r\n       并将验货照片传回公司。 \r\n★★★ 重点客人的质量标准检验，产品抽验率不得少于50%，务必做到入箱前检查。 \r\n 交期：2012年1月10日/工厂。\r\n       没有经过我司同意无故延期交货造成严重后果的，按照客人的相关要求处理。 \r\n 开票：出货后请将增值税发票、验货报告、合同复印件及出库单一并寄至我司，以便我司安排付款。', '1');
INSERT INTO `ext_eproduct` VALUES ('8a7e841959483bac0159483d2bd20004', '16', '8a7e841959483bac0159483d2bd20003', '2976', 'undefined', '彩盒，新菲林\r\n配全明料糖缸带盖子\r\n彩盒尺寸：21.5X21.5X41CM', '144', 'PCS', '3.30', '475', '1.彩盒要求350克面纸；\r\n2.工厂待用安全包装，待我司运至工厂；\r\n3.工厂免费提供1%余量，以防划伤，破损；\r\n4.交期:2011年11月05日。', '3');
INSERT INTO `ext_eproduct` VALUES ('8a7e841959483bac0159483d2bd20005', '16', '8a7e841959483bac0159483d2bd20003', '2976', 'undefined', '彩盒，新菲林\r\n配明料糖缸带盖子\r\n彩盒尺寸：25.7X25.7X35.7CM', '144', 'PCS', '3.90', '562', '1.彩盒要求350克面纸；\r\n2.工厂待用安全包装，待我司运至工厂；\r\n3.工厂免费提供1%余量，以防划伤，破损；\r\n4.交期:2011年11月05日。', '4');
INSERT INTO `ext_eproduct` VALUES ('8a7e84635711a251015711da96e90040', '19', '8a7e84635711a251015711da96e8003f', '20-37-264/JK1051087', 'bdf6ff59-ab4c-4218-a554-361ec409a04f.png', '蒙砂白花纸\r\n配全明料蛋糕罩\r\n\r\n送祁县宏艺厂', '1200', 'PCS', '0.35', '420', '1.产品的颜色、造型、尺寸、重量务必同我司封样一致；\r\n2.工厂免费提供2% 余量，以防损耗，代用包装送至指定工厂；请在外包装上注明相对应的合同号及货号；\r\n3.交期:2011年12月05日；', '1');
INSERT INTO `ext_eproduct` VALUES ('8a7e84635711a251015711da96e90042', '4028817a33de41d80133e982a18a001c', '8a7e84635711a251015711da96e90041', '5645654', '02.png', 'fdsfss', '30', 'SETS', '30.00', '900', 'dsfds', '565');
INSERT INTO `ext_eproduct` VALUES ('8a7e84635711a251015711da96ea0044', '19', '8a7e84635711a251015711da96ea0043', '20-37-265/JK1050163', '1af851ab-98ff-4227-ba39-1175dca33c6f.png', '蒙砂白花纸\r\n配全明料蛋糕罩\r\n\r\n送祁县宏艺厂', '1200', 'PCS', '0.38', '456', '1.产品的颜色、造型、尺寸、重量务必同我司封样一致；\r\n2.工厂免费提供2% 余量，以防损耗，代用包装送至指定工厂；请在外包装上注明相对应的合同号及货号；\r\n3.交期:2011年12月05日；', '2');
INSERT INTO `ext_eproduct` VALUES ('8a7e841959483bac0159483d2bd10002', '16', '8a7e841959483bac0159483d2bd10001', '2964', null, '彩盒，新菲林\r\n配全明料糖缸带盖子\r\n彩盒尺寸：22.5X22.5X48.5CM', '144', 'PCS', '4.00', '576', '1.彩盒要求350克面纸；\r\n2.工厂待用安全包装，待我司运至工厂；\r\n3.工厂免费提供1%余量，以防划伤，破损；\r\n4.交期:2011年11月05日。', '1');
INSERT INTO `ext_eproduct` VALUES ('8a7e843759b44c920159b4516bf30021', '22', '8a7e843759b44c920159b4516bf30020', '5331', 'undefined', '全明料死模风灯，电镀花银喷绿色\r\n尺寸：17X23CM高', '300', 'PCS', '3.50', '1050', '★   产品与封样无明显差异，唛头、标签及包装质量务必符合公司要求。 \r\n ★★  产品生产前期、中期、后期抽验率不得少于10%，质量和封样一致， \r\n       并将验货照片传回公司。 \r\n★★★ 重点客人的质量标准检验，产品抽验率不得少于50%，务必做到入箱前检查。 \r\n 交期：2012年1月10日/工厂。\r\n       没有经过我司同意无故延期交货造成严重后果的，按照客人的相关要求处理。 \r\n 开票：出货后请将增值税发票、验货报告、合同复印件及出库单一并寄至我司，以便我司安排付款。', '7');
INSERT INTO `ext_eproduct` VALUES ('8a7e843759b44c920159b4516bf40025', '19', '8a7e843759b44c920159b4516bf30024', '5118', 'undefined', '白金字母花纸\r\nSWEETS\r\n送祁县光华厂', '600', 'PCS', '3.00', '1800', '1.产品的颜色、造型、尺寸、重量务必同我司封样一致；\r\n2.工厂免费提供2% 余量，以防损耗，代用包装送至指定工厂；请在外包装上注明相对应的合同号及货号；\r\n3.交期:2011年11月30日；', '13');
INSERT INTO `ext_eproduct` VALUES ('8a7e843759b44c920159b4516bf40027', '22', '8a7e843759b44c920159b4516bf40026', '4998', 'undefined', '全明料死模风灯 ，电镀花银喷紫色\r\n尺寸：11.5X30.5CM', '300', 'PCS', '1.70', '510', '★   产品与封样无明显差异，唛头、标签及包装质量务必符合公司要求。 \r\n ★★  产品生产前期、中期、后期抽验率不得少于10%，质量和封样一致， \r\n       并将验货照片传回公司。 \r\n★★★ 重点客人的质量标准检验，产品抽验率不得少于50%，务必做到入箱前检查。 \r\n 交期：2012年1月10日/工厂。\r\n       没有经过我司同意无故延期交货造成严重后果的，按照客人的相关要求处理。 \r\n 开票：出货后请将增值税发票、验货报告、合同复印件及出库单一并寄至我司，以便我司安排付款。', '6');
INSERT INTO `ext_eproduct` VALUES ('8a7e843759b44c920159b4516bf4002a', '19', '8a7e843759b44c920159b4516bf40029', 'JK1014005', '94d2d773-24b6-412e-b0e3-0fc9dddf0955.png', '低温鱼花纸\r\n明料低口杯\r\n祁县宏艺厂', '1800', 'PCS', '1.20', '2160', '1.产品的颜色、造型、尺寸、务必同提供的样品一致；\r\n2.工厂免费提供2% 余量，以防损耗，代用包装送至指定工厂；请在外包装上注明相对应的合同号及货号；\r\n3.交期:2011年12月10；', '4');
INSERT INTO `ext_eproduct` VALUES ('8a7e843759b44c920159b4516bf5002d', '19', '8a7e843759b44c920159b4516bf5002c', 'JK1014001', '7a3d341f-f473-44ce-9bd4-c7f2b87343ca.png', '低温鱼花纸\r\n明料大碗\r\n送祁县宏艺厂', '1000', 'PCS', '2.40', '2400', '1.产品的颜色、造型、尺寸、务必同提供的样品一致；\r\n2.工厂免费提供2% 余量，以防损耗，代用包装送至指定工厂；请在外包装上注明相对应的合同号及货号；\r\n3.交期:2011年12月10；', '2');
INSERT INTO `ext_eproduct` VALUES ('8a7e843759b44c920159b4516bf50030', '19', '8a7e843759b44c920159b4516bf5002f', 'JK1080766-3', '29bb909d-d527-475d-bfbe-e5e05a02349c.png', '套3白花纸\r\n\r\n送祁县宏艺厂', '600', 'SETS', '0.60', '360', '1.产品的颜色、造型、尺寸、务必同提供的样品一致；\r\n2.工厂免费提供2% 余量，以防损耗，代用包装送至指定工厂；请在外包装上注明相对应的合同号及货号；\r\n3.交期:2011年12月10；', '1');
INSERT INTO `ext_eproduct` VALUES ('8a7e843759b44c920159b4516bf70033', '20', '8a7e843759b44c920159b4516bf70032', '6998', null, '全明料蛋糕盘，盘沿电镀\r\n尺寸：6-1/2\"X12-1/2\"高', '300', 'PCS', '6.00', '1800', '★   产品与封样无明显差异，唛头、标签及包装质量务必符合公司要求。 \r\n ★★  产品生产前期、中期、后期抽验率不得少于10%，质量和封样一致， \r\n       并将验货照片传回公司。 \r\n★★★ 重点客人的质量标准检验，产品抽验率不得少于50%，务必做到入箱前检查。 \r\n 交期：2012年1月10日/工厂。\r\n       没有经过我司同意无故延期交货造成严重后果的，按照客人的相关要求处理。 \r\n 开票：出货后请将增值税发票、验货报告、合同复印件及出库单一并寄至我司，以便我司安排付款。', '11');
INSERT INTO `ext_eproduct` VALUES ('8a7e81015ad03e38015ad0408dd4000b', '19', '8a7e81015ad03e38015ad0408dd4000a', '20-37-265/JK1050163', '1af851ab-98ff-4227-ba39-1175dca33c6f.png', '蒙砂白花纸\r\n配全明料蛋糕罩\r\n\r\n送祁县宏艺厂', '1200', 'PCS', '0.38', '456', '1.产品的颜色、造型、尺寸、重量务必同我司封样一致；\r\n2.工厂免费提供2% 余量，以防损耗，代用包装送至指定工厂；请在外包装上注明相对应的合同号及货号；\r\n3.交期:2011年12月05日；', '2');
INSERT INTO `ext_eproduct` VALUES ('4028d3cf567275410156735276210004', '19', '4028d3cf567275410156735276210003', 'JK169340/13076', 'undefined', '蒙砂白花纸\r\n烤在蛋糕罩上\r\n送祁县光华厂', '464', 'PCS', '1.02', '473', '1.产品的颜色、造型、尺寸、务必同我司提供样稿一致；\r\n2.工厂免费提供2% 余量，以防损耗，代用包装送至指定工厂；请在外包装上注明相对应的合同号及货号；\r\n3.交期:2011年11月20日。', '2');
INSERT INTO `ext_eproduct` VALUES ('4028d3cf567275410156735276250011', '19', '4028d3cf567275410156735276240010', '20-37-266/JK1050164', '73be2c8a-b961-4ae9-899a-2d259ecd152b.png', '蒙砂白花纸\r\n配全明料蛋糕罩\r\n\r\n送祁县宏艺厂', '1200', 'PCS', '0.40', '480', '1.产品的颜色、造型、尺寸、重量务必同我司封样一致；\r\n2.工厂免费提供2% 余量，以防损耗，代用包装送至指定工厂；请在外包装上注明相对应的合同号及货号；\r\n3.交期:2011年12月05日；', '3');
INSERT INTO `ext_eproduct` VALUES ('4028d3cf567275410156735276250013', '19', '4028d3cf567275410156735276250012', '20-37-264/JK1051087', 'bdf6ff59-ab4c-4218-a554-361ec409a04f.png', '蒙砂白花纸\r\n配全明料蛋糕罩\r\n\r\n送祁县宏艺厂', '1200', 'PCS', '0.35', '420', '1.产品的颜色、造型、尺寸、重量务必同我司封样一致；\r\n2.工厂免费提供2% 余量，以防损耗，代用包装送至指定工厂；请在外包装上注明相对应的合同号及货号；\r\n3.交期:2011年12月05日；', '1');
INSERT INTO `ext_eproduct` VALUES ('4028d3cf567275410156735276270015', '19', '4028d3cf567275410156735276250014', 'JK1050201/12078', null, '蒙砂白花纸\r\n烤在蛋糕罩上\r\n送祁县光华厂', '204', 'PCS', '0.80', '163', '1.产品的颜色、造型、尺寸、务必同我司提供的样稿一致；\r\n2.工厂免费提供2% 余量，以防损耗，代用包装送至指定工厂；请在外包装上注明相对应的合同号及货号；\r\n3.交期:2011年11月20日送指定工厂。', '1');
INSERT INTO `ext_eproduct` VALUES ('4028d3cf567275410156735276280017', '19', '4028d3cf567275410156735276280016', '20-37-265/JK1050163', '1af851ab-98ff-4227-ba39-1175dca33c6f.png', '蒙砂白花纸\r\n配全明料蛋糕罩\r\n\r\n送祁县宏艺厂', '1200', 'PCS', '0.38', '456', '1.产品的颜色、造型、尺寸、重量务必同我司封样一致；\r\n2.工厂免费提供2% 余量，以防损耗，代用包装送至指定工厂；请在外包装上注明相对应的合同号及货号；\r\n3.交期:2011年12月05日；', '2');

-- ----------------------------
-- Table structure for factory
-- ----------------------------
DROP TABLE IF EXISTS `factory`;
CREATE TABLE `factory` (
  `factory_id` varchar(40) NOT NULL,
  `ctype` varchar(10) DEFAULT NULL COMMENT '货物/附件',
  `full_name` varchar(200) DEFAULT NULL,
  `factory_name` varchar(50) DEFAULT NULL,
  `contacts` varchar(30) DEFAULT NULL,
  `phone` varchar(20) DEFAULT NULL,
  `mobile` varchar(20) DEFAULT NULL,
  `fax` varchar(20) DEFAULT NULL,
  `address` varchar(200) DEFAULT NULL,
  `inspector` varchar(30) DEFAULT NULL,
  `remark` varchar(2000) DEFAULT NULL,
  `order_no` int(11) DEFAULT NULL,
  `state` char(1) DEFAULT NULL COMMENT '1正常0停用',
  `create_by` varchar(40) DEFAULT NULL,
  `create_dept` varchar(40) DEFAULT NULL,
  `create_time` datetime NOT NULL,
  `update_by` varchar(40) DEFAULT NULL,
  `update_time` datetime NOT NULL,
  PRIMARY KEY (`factory_id`)
) ENGINE=MyISAM DEFAULT CHARSET=utf8 COMMENT='工厂表';

-- ----------------------------
-- Records of factory
-- ----------------------------
INSERT INTO `factory` VALUES ('1', '货物', '祁县海洋厂', '升华', '刘生', '0354-5299987', null, null, '厦门', '吕波', null, null, '1', null, null, '0000-00-00 00:00:00', null, '0000-00-00 00:00:00');
INSERT INTO `factory` VALUES ('10', '货物', '祁县晶晨厂', '晶晨', '续贵', '0354-5271999', null, null, '东莞', '吕波', null, null, '1', null, null, '0000-00-00 00:00:00', null, '0000-00-00 00:00:00');
INSERT INTO `factory` VALUES ('12', '货物', '平遥远江厂', '平遥远江', '宏远', null, '13935499967', null, '连云港', null, null, null, '1', null, null, '0000-00-00 00:00:00', null, '0000-00-00 00:00:00');
INSERT INTO `factory` VALUES ('13', '货物', '平遥鸿艺厂', '平遥鸿艺', '雄飞', '0354-5940888', null, null, '东莞', '吕波', null, null, '1', null, null, '0000-00-00 00:00:00', null, '0000-00-00 00:00:00');
INSERT INTO `factory` VALUES ('15', '货物', '南皮开发玻璃制品厂', '南皮开发', '舒东', '0317-8863999', null, null, '东莞', null, null, null, '1', null, null, '0000-00-00 00:00:00', null, '0000-00-00 00:00:00');
INSERT INTO `factory` VALUES ('16', '货物', '陕西康达彩印厂', '康达', '袁喜', '029-84528015', null, null, '拉萨', null, null, null, '1', null, null, '0000-00-00 00:00:00', null, '0000-00-00 00:00:00');
INSERT INTO `factory` VALUES ('17', '货物', '陕西众鑫印务包装有限公司', '众鑫', '赵毅', '029-84341858', null, null, '连云港', null, null, null, '1', null, null, '0000-00-00 00:00:00', null, '0000-00-00 00:00:00');
INSERT INTO `factory` VALUES ('18', '货物', '翰林彩印厂', '翰林', '孙财', '029-88917456', null, null, '长沙', null, null, null, '1', null, null, '0000-00-00 00:00:00', null, '0000-00-00 00:00:00');
INSERT INTO `factory` VALUES ('19', '货物', '祁县综艺玻璃花纸厂', '综艺花纸', '王棕', '0354-5278918', null, null, '长沙', null, null, null, '1', null, null, '0000-00-00 00:00:00', null, '0000-00-00 00:00:00');
INSERT INTO `factory` VALUES ('2', '货物', '祁县光华厂', '光华', '薛成', '0354-5298981', null, null, '长沙', '吕波', null, null, '1', null, null, '0000-00-00 00:00:00', null, '0000-00-00 00:00:00');
INSERT INTO `factory` VALUES ('20', '货物', '祁县喜福来玻璃加工厂', '喜福来', '王卫', '0354-5328850', null, null, '长沙', null, null, null, '1', null, null, '0000-00-00 00:00:00', null, '0000-00-00 00:00:00');
INSERT INTO `factory` VALUES ('21', '货物', '祁县美晶泡沫厂', '美晶', '范长', '0354-5071387', null, null, '长沙', null, null, null, '1', null, null, '0000-00-00 00:00:00', null, '0000-00-00 00:00:00');
INSERT INTO `factory` VALUES ('22', '货物', '祁县瑞成玻璃镀膜厂', '瑞成', '温明', null, '13834809374', null, '长沙', null, null, null, '1', null, null, '0000-00-00 00:00:00', null, '0000-00-00 00:00:00');
INSERT INTO `factory` VALUES ('3', '货物', '祁县会龙厂', '会龙', '李伟', '0354-5248696', null, null, '长沙', '李光', null, null, '1', null, null, '0000-00-00 00:00:00', null, '0000-00-00 00:00:00');
INSERT INTO `factory` VALUES ('4', '货物', '祁县精艺厂', '精艺', '闫强', '0354-5047289', null, null, '厦门', '高琴', null, null, '1', null, null, '0000-00-00 00:00:00', null, '0000-00-00 00:00:00');
INSERT INTO `factory` VALUES ('4028817a33d4f8b40133d9989f5e0024', '附件', '闻喜民鑫厂', '民鑫', '李民', '0359-7472727', null, null, '包头', '吕波', null, null, '1', null, null, '0000-00-00 00:00:00', null, '0000-00-00 00:00:00');
INSERT INTO `factory` VALUES ('4028817a33de41d80133e982a18a001c', '附件', '太谷四通PVC厂', '太谷PVC', '张海', '0354-6226591', null, null, '沈阳', null, null, null, '1', null, null, '0000-00-00 00:00:00', null, '0000-00-00 00:00:00');
INSERT INTO `factory` VALUES ('4028817a33ecdbf70133ee202e49000b', '附件', '祁县瑞成电镀厂', '瑞成电镀厂', '温民', '13835926900', null, null, '沈阳', null, null, null, '1', null, null, '0000-00-00 00:00:00', null, '0000-00-00 00:00:00');
INSERT INTO `factory` VALUES ('4028817a34f93be50134f9df84470001', '附件', '神舟玻璃制品有限公司', '神舟厂', '申定', '0356-3961959', '13935672348', '0356-3991304', '福州', '李光', null, null, '1', null, null, '0000-00-00 00:00:00', null, '0000-00-00 00:00:00');
INSERT INTO `factory` VALUES ('4028817a353b8d8e0135415bf0a90070', '附件', '陕西宇津进出口有限公司', '宇津水龙头厂', '任宁', '029-62990818', null, null, '东莞', null, null, null, '1', null, null, '0000-00-00 00:00:00', null, '0000-00-00 00:00:00');
INSERT INTO `factory` VALUES ('4028817a35e0895e0135ec7a4dbe0087', '附件', '西安方圆工贸有限公司', '西安方圆工贸', '许涛', '029-86539568', null, '029-86590565', '东莞', null, null, null, '1', null, null, '0000-00-00 00:00:00', null, '0000-00-00 00:00:00');
INSERT INTO `factory` VALUES ('4028817a3632e86601363344d16d0001', '附件', '淄博雷波陶瓷花纸厂', '淄博花纸厂', '吴璇', '0533-5176946', null, null, '东莞', null, null, null, '1', null, null, '0000-00-00 00:00:00', null, '0000-00-00 00:00:00');
INSERT INTO `factory` VALUES ('4028817a371a8d7f01372a74451f0068', '附件', '山西大德成工贸有限公司', '铁架厂', '高辉', '0354-5288919', null, null, '东莞', '李光', null, null, '1', null, null, '0000-00-00 00:00:00', null, '0000-00-00 00:00:00');
INSERT INTO `factory` VALUES ('4028817a37583d45013758d152450038', '附件', '祁县顺驰厂', '顺驰', '王明', '0354-5109398', null, null, '东莞', '李光', null, null, '1', null, null, '0000-00-00 00:00:00', null, '0000-00-00 00:00:00');
INSERT INTO `factory` VALUES ('4028817a38024a04013803e3a8a2004b', '附件', '祁县欣欣泡沫有限公司', '祁县欣欣泡沫厂', '许杰', '0354-3939793', null, null, '东莞', null, null, null, '1', null, null, '0000-00-00 00:00:00', null, '0000-00-00 00:00:00');
INSERT INTO `factory` VALUES ('4028817a382b4fd401382b9aad2a0008', '附件', '祁县仲玉玻璃厂', '仲玉', '吕军', '0354-5018888', null, null, '东莞', '李光', null, null, '1', null, null, '0000-00-00 00:00:00', null, '0000-00-00 00:00:00');
INSERT INTO `factory` VALUES ('4028817a38736298013874c51a800036', '附件', '汇融玻璃有限公司', '展鹏厂', '厂长', '0354-5326986', '13834893800', '0354-5826197', '西安', '李光', null, null, '1', null, null, '0000-00-00 00:00:00', null, '0000-00-00 00:00:00');
INSERT INTO `factory` VALUES ('4028817a389cc7b701389d1efd940001', '附件', '宇虹包装彩印厂', '宇虹包装厂', '翟帅', '0358-3099923', '19033470988', '0358-3098183', '西安', null, null, null, '1', null, null, '0000-00-00 00:00:00', null, '0000-00-00 00:00:00');
INSERT INTO `factory` VALUES ('4028817a39b2b37f0139b46268c40025', '附件', '祁县馨艺玻璃厂', '馨艺', '袁长', '0354-5041938', null, null, '东莞', '李光', null, null, '1', null, null, '0000-00-00 00:00:00', null, '0000-00-00 00:00:00');
INSERT INTO `factory` VALUES ('4028817a3aa9f950013ab0b6c98d0050', '附件', '祁县一先厂', '一先厂', '李刚', '0654-9018444', null, null, '东莞', '李光', null, null, '1', null, null, '0000-00-00 00:00:00', null, '0000-00-00 00:00:00');
INSERT INTO `factory` VALUES ('4028817a3aa9f950013ab97f64110053', '附件', '温县致远玻璃制品有限公司', '温县致远厂', '红升', '18936896666', null, null, '东莞', null, null, null, '1', null, null, '0000-00-00 00:00:00', null, '0000-00-00 00:00:00');
INSERT INTO `factory` VALUES ('4028817a3abe8f15013ac019a61f0031', '附件', '祁县喜福来电镀厂', '喜福来电镀厂', '王卫', '0154-5282888', null, null, '东莞', '李光', null, null, '1', null, null, '0000-00-00 00:00:00', null, '0000-00-00 00:00:00');
INSERT INTO `factory` VALUES ('4028817a3ae2ac42013ae3550357000d', '附件', '临潼华清蜡厂', '临潼华清蜡厂', '吴波', '13791903888', null, null, '东莞', null, null, null, '0', null, null, '0000-00-00 00:00:00', null, '0000-00-00 00:00:00');
INSERT INTO `factory` VALUES ('5', '货物', '祁县汇越厂', '汇越', '建忠', '0354-5019656', null, null, '西安', '吕波', null, null, '1', null, null, '0000-00-00 00:00:00', null, '0000-00-00 00:00:00');
INSERT INTO `factory` VALUES ('6', '货物', '祁县泰宇厂', '泰宇', '立东', '0354-5299160', null, null, '西安', null, null, null, '1', null, null, '0000-00-00 00:00:00', null, '0000-00-00 00:00:00');
INSERT INTO `factory` VALUES ('7', '货物', '祁县天顺厂', '天顺', '渠海', '0354-5299499', null, null, '连云港', '李光', null, null, '1', null, null, '0000-00-00 00:00:00', null, '0000-00-00 00:00:00');
INSERT INTO `factory` VALUES ('8', '货物', '祁县天诚厂', '天诚', '庞正', '0354-5299539', null, null, '东莞', null, null, null, '1', null, null, '0000-00-00 00:00:00', null, '0000-00-00 00:00:00');
INSERT INTO `factory` VALUES ('9', '货物', '祁县华艺厂', '华艺', '史国', '0354-5041927', null, null, '东莞', '高琴', null, null, '1', null, null, '0000-00-00 00:00:00', null, '0000-00-00 00:00:00');
INSERT INTO `factory` VALUES ('ff808081301885760130189e47ca0013', '附件', '文水志远厂', '文水志远', '志远', '0358-3934083', null, null, '连云港', '李光', null, null, '1', null, null, '0000-00-00 00:00:00', null, '0000-00-00 00:00:00');

-- ----------------------------
-- Table structure for login_log
-- ----------------------------
DROP TABLE IF EXISTS `login_log`;
CREATE TABLE `login_log` (
  `login_log_id` varchar(40) NOT NULL,
  `login_name` varchar(30) DEFAULT NULL,
  `ip_address` varchar(20) DEFAULT NULL,
  `login_time` datetime DEFAULT NULL,
  PRIMARY KEY (`login_log_id`)
) ENGINE=MyISAM DEFAULT CHARSET=utf8;

-- ----------------------------
-- Records of login_log
-- ----------------------------
INSERT INTO `login_log` VALUES ('00330EC5-4F2C-48BB-AFC1-ADC5CBAEB7AC', '001|调试', '192.168.1.110', '0000-00-00 00:00:00');
INSERT INTO `login_log` VALUES ('009275C9-7459-4862-B339-C7CD13C244D6', '001|调试', '192.168.1.110', '0000-00-00 00:00:00');
INSERT INTO `login_log` VALUES ('00D0157A-AD60-4856-802E-A3461F6939E0', '001|调试', '127.0.0.1', '0000-00-00 00:00:00');
INSERT INTO `login_log` VALUES ('00DA73C6-8DB4-402A-BEE0-95BDD79D0CDB', '001|调试', '192.168.1.103', '0000-00-00 00:00:00');
INSERT INTO `login_log` VALUES ('011BD53F-99AF-4B45-B23B-4E02723BE7D7', '001|调试', '192.168.1.106', '0000-00-00 00:00:00');
INSERT INTO `login_log` VALUES ('015CC22A-5C53-4597-B4AC-B51694D75C86', '001|调试', '192.168.1.103', '0000-00-00 00:00:00');
INSERT INTO `login_log` VALUES ('01970044-E8A0-41DD-A7CB-EF0E012FE798', '001|调试', '192.168.1.103', '0000-00-00 00:00:00');
INSERT INTO `login_log` VALUES ('01C6DB18-D8AC-48CE-B3F2-09BCDFD8D9A3', '001|调试', '127.0.0.1', '0000-00-00 00:00:00');
INSERT INTO `login_log` VALUES ('01F90304-E542-4B5E-9B3B-E49C17B6E891', '001|调试', '192.168.1.106', '0000-00-00 00:00:00');
INSERT INTO `login_log` VALUES ('02AF06BD-65E4-4E02-8128-9E43B2AE06B6', 'anonymous|', '192.168.1.109', '0000-00-00 00:00:00');
INSERT INTO `login_log` VALUES ('02B4B900-9D3F-4306-8F54-6395FDB5234A', '001|调试', '192.168.1.106', '0000-00-00 00:00:00');
INSERT INTO `login_log` VALUES ('02E0CA26-C6E2-4C90-B94C-4CB7C63A7971', '001|调试', '127.0.0.1', '0000-00-00 00:00:00');
INSERT INTO `login_log` VALUES ('03C5ACAB-C6C4-456F-9B3D-64A80BBECADA', '001|调试', '127.0.0.1', '0000-00-00 00:00:00');
INSERT INTO `login_log` VALUES ('03ED9524-0BBA-4082-8FA6-2F6BA905A627', '001|调试', '127.0.0.1', '0000-00-00 00:00:00');
INSERT INTO `login_log` VALUES ('042027CF-496F-4C79-BDD8-F3BFC05EDBCC', 'anonymous|', '192.168.1.114', '0000-00-00 00:00:00');
INSERT INTO `login_log` VALUES ('0451DE27-3C35-4054-B27B-80EC5F5303E9', '001|调试', '127.0.0.1', '0000-00-00 00:00:00');
INSERT INTO `login_log` VALUES ('0464165A-6013-4AF8-8ED3-9350369780ED', '001|调试', '127.0.0.1', '0000-00-00 00:00:00');
INSERT INTO `login_log` VALUES ('04ED9BC3-FB5F-4F89-9DF6-5F34FE0ACB26', '001|调试', '127.0.0.1', '0000-00-00 00:00:00');
INSERT INTO `login_log` VALUES ('05586466-481A-4426-A237-D06BB78FA27A', '001|调试', '192.168.1.110', '0000-00-00 00:00:00');
INSERT INTO `login_log` VALUES ('06376BC7-200F-442A-85F4-27578A9BAA54', 'anonymous|', '192.168.1.114', '0000-00-00 00:00:00');
INSERT INTO `login_log` VALUES ('06767A52-69EC-430D-B15C-9BDB0952CF53', 'anonymous|', '192.168.1.105', '0000-00-00 00:00:00');
INSERT INTO `login_log` VALUES ('07C0244F-BFAC-45D4-945A-91B1E7B060F4', 'anonymous|', '192.168.1.111', '0000-00-00 00:00:00');

-- ----------------------------
-- Table structure for module
-- ----------------------------
DROP TABLE IF EXISTS `module`;
CREATE TABLE `module` (
  `module_id` varchar(40) NOT NULL COMMENT '模块id',
  `parent_id` varchar(40) DEFAULT NULL COMMENT '父模块id',
  `parent_name` varchar(100) DEFAULT NULL COMMENT '父模块名称',
  `name` varchar(100) DEFAULT NULL COMMENT '模块名',
  `layer_num` int(11) DEFAULT NULL COMMENT '模块层数',
  `is_leaf` tinyint(1) DEFAULT NULL COMMENT '是否为叶子',
  `ico` varchar(20) DEFAULT NULL COMMENT '模块图标',
  `cpermission` varchar(20) DEFAULT NULL COMMENT '操作权限',
  `curl` varchar(200) DEFAULT NULL COMMENT '链接',
  `ctype` int(11) DEFAULT NULL COMMENT '1主菜单/2左侧菜单/3按钮/4链接/5状态',
  `state` int(11) DEFAULT NULL COMMENT '1启用0停用',
  `belong` varchar(100) DEFAULT NULL COMMENT '按钮时，可以标识其归属，\n            查询某页面按钮时就用此属性查询',
  `cwhich` varchar(20) DEFAULT NULL COMMENT '复用标识',
  `quote_num` int(11) DEFAULT NULL COMMENT '引用次数',
  `remark` varchar(100) DEFAULT NULL COMMENT '备注',
  `order_no` int(11) DEFAULT NULL COMMENT '排序号',
  `create_by` varchar(40) DEFAULT NULL COMMENT '创建者id',
  `create_dept` varchar(40) DEFAULT NULL COMMENT '创建者所属部门',
  `create_time` datetime NOT NULL COMMENT '创建时间',
  `update_by` varchar(40) DEFAULT NULL,
  `update_time` datetime NOT NULL COMMENT '更新时间',
  PRIMARY KEY (`module_id`)
) ENGINE=MyISAM DEFAULT CHARSET=utf8 COMMENT='模块表';

-- ----------------------------
-- Records of module
-- ----------------------------
INSERT INTO `module` VALUES ('50104', '501', '部门管理', '删除部门', '3', '1', null, '删除部门', 'sysadmin/deptAction_delete', '2', '1', null, null, null, 'sysadmin', '1804', null, null, '0000-00-00 00:00:00', null, '0000-00-00 00:00:00');
INSERT INTO `module` VALUES ('50103', '501', '部门管理', '修改部门', '3', '1', null, '修改部门', 'sysadmin/deptAction_toupdate', '2', '1', null, null, null, 'sysadmin', '1803', null, null, '0000-00-00 00:00:00', null, '0000-00-00 00:00:00');
INSERT INTO `module` VALUES ('50102', '501', '部门管理', '新增部门', '3', '1', null, '新增部门', 'sysadmin/deptAction_tocreate', '2', '1', null, null, null, 'sysadmin', '1802', null, null, '0000-00-00 00:00:00', null, '0000-00-00 00:00:00');
INSERT INTO `module` VALUES ('50101', '501', '部门管理', '查看部门', '3', '1', null, '查看部门', 'sysadmin/deptAction_toview', '2', '1', null, null, null, 'sysadmin', '1801', null, null, '0000-00-00 00:00:00', null, '0000-00-00 00:00:00');
INSERT INTO `module` VALUES ('1', null, null, '系统首页', '1', '0', null, '系统首页', 'home', '0', '1', null, null, null, 'home', '1', null, null, '0000-00-00 00:00:00', null, '0000-00-00 00:00:00');
INSERT INTO `module` VALUES ('101', '1', '系统首页', '我的留言板', '2', '0', null, '我的留言板', null, '1', '1', null, null, null, 'home', '6', null, null, '0000-00-00 00:00:00', null, '0000-00-00 00:00:00');
INSERT INTO `module` VALUES ('102', '1', '系统首页', '我的代办任务', '2', '0', null, '我的代办任务', null, '1', '1', null, null, null, 'home', '7', null, null, '0000-00-00 00:00:00', null, '0000-00-00 00:00:00');
INSERT INTO `module` VALUES ('103', '1', '系统首页', '请假单管理', '2', '0', null, '请假单管理', null, '1', '1', null, null, null, 'home', '8', null, null, '0000-00-00 00:00:00', null, '0000-00-00 00:00:00');
INSERT INTO `module` VALUES ('2', null, null, '货运管理', '1', '0', null, '货运管理', 'cargo', '0', '1', null, null, null, 'cargo', '2', null, null, '0000-00-00 00:00:00', null, '0000-00-00 00:00:00');
INSERT INTO `module` VALUES ('201', '2', '货运管理', '购销合同', '2', '0', null, '购销合同', 'cargo/contractAction_list', '1', '1', null, null, null, 'cargo', '9', null, null, '0000-00-00 00:00:00', null, '0000-00-00 00:00:00');
INSERT INTO `module` VALUES ('202', '2', '货运管理', '出货表', '2', '0', null, '出货表', 'cargo/outProductAction_toedit', '1', '1', null, null, null, 'cargo', '10', null, null, '0000-00-00 00:00:00', null, '0000-00-00 00:00:00');
INSERT INTO `module` VALUES ('203', '2', '货运管理', '合同管理', '2', '0', null, '合同管理', 'cargo/exportAction_contractList', '1', '1', null, null, null, 'cargo', '11', null, null, '0000-00-00 00:00:00', null, '0000-00-00 00:00:00');
INSERT INTO `module` VALUES ('204', '2', '货运管理', '出口报运', '2', '0', null, '出口报运', 'cargo/exportAction_list.action', '1', '1', null, null, null, 'cargo', '12', null, null, '0000-00-00 00:00:00', null, '0000-00-00 00:00:00');
INSERT INTO `module` VALUES ('205', '2', '货运管理', '装箱管理', '2', '0', null, '装箱管理', 'cargo/packingListAction_list', '1', '1', null, null, null, 'cargo', '22', null, null, '0000-00-00 00:00:00', null, '0000-00-00 00:00:00');
INSERT INTO `module` VALUES ('206', '2', '货运管理', '委托管理', '2', '0', null, '委托管理', 'cargo/shippingOrderAction_list', '1', '1', null, null, null, 'cargo', '23', null, null, '0000-00-00 00:00:00', null, '0000-00-00 00:00:00');
INSERT INTO `module` VALUES ('207', '2', '货运管理', '发票管理', '2', '0', null, '发票管理', 'cargo/invoiceAction_list', '1', '1', null, null, null, 'cargo', '24', null, null, '0000-00-00 00:00:00', null, '0000-00-00 00:00:00');
INSERT INTO `module` VALUES ('208', '2', '货运管理', '财务管理', '2', '0', null, '财务管理', 'cargo/financeAction_list', '1', '1', null, null, null, 'cargo', '25', null, null, '0000-00-00 00:00:00', null, '0000-00-00 00:00:00');
INSERT INTO `module` VALUES ('3', null, null, '统计分析', '1', '0', null, '统计分析', 'stat', '0', '1', null, null, null, 'stat', '3', null, null, '0000-00-00 00:00:00', null, '0000-00-00 00:00:00');
INSERT INTO `module` VALUES ('301', '3', '统计分析', '生产厂家销售情况', '2', '0', null, '生产厂家销售情况', 'stat/statChartAction_factorysale', '1', '1', null, null, null, 'stat', '13', null, null, '0000-00-00 00:00:00', null, '0000-00-00 00:00:00');
INSERT INTO `module` VALUES ('302', '3', '统计分析', '产品销售排行', '2', '0', null, '产品销售排行', 'stat/statChartAction_productsale', '1', '1', null, null, null, 'stat', '14', null, null, '0000-00-00 00:00:00', null, '0000-00-00 00:00:00');
INSERT INTO `module` VALUES ('303', '3', '统计分析', '系统访问压力图', '2', '0', null, '系统访问压力图', 'stat/statChartAction_onlineinfo', '1', '1', null, null, null, 'stat', '15', null, null, '0000-00-00 00:00:00', null, '0000-00-00 00:00:00');
INSERT INTO `module` VALUES ('4', null, null, '基础信息', '1', '0', null, '基础信息', 'baseinfo', '0', '1', null, null, null, 'baseinfo', '4', null, null, '0000-00-00 00:00:00', null, '0000-00-00 00:00:00');
INSERT INTO `module` VALUES ('401', '4', '基础信息', '系统代码', '2', '0', null, '系统代码', null, '1', '1', null, null, null, 'baseinfo', '16', null, null, '0000-00-00 00:00:00', null, '0000-00-00 00:00:00');
INSERT INTO `module` VALUES ('402', '4', '基础信息', '厂家信息', '2', '0', null, '厂家信息', null, '1', '1', null, null, null, 'baseinfo', '17', null, null, '0000-00-00 00:00:00', null, '0000-00-00 00:00:00');
INSERT INTO `module` VALUES ('5', null, null, '系统管理', '1', '0', null, '系统管理', 'sysadmin', '0', '1', null, null, null, 'sysadmin', '5', null, null, '0000-00-00 00:00:00', null, '0000-00-00 00:00:00');
INSERT INTO `module` VALUES ('501', '5', '系统管理', '部门管理', '2', '0', null, '部门管理', 'sysadmin/deptAction_list', '1', '1', null, null, null, 'sysadmin', '18', null, null, '0000-00-00 00:00:00', null, '0000-00-00 00:00:00');
INSERT INTO `module` VALUES ('502', '5', '系统管理', '用户管理', '2', '0', null, '用户管理', 'sysadmin/userAction_list', '1', '1', null, null, null, 'sysadmin', '19', null, null, '0000-00-00 00:00:00', null, '0000-00-00 00:00:00');
INSERT INTO `module` VALUES ('503', '5', '系统管理', '角色管理', '2', '0', null, '角色管理', 'sysadmin/roleAction_list', '1', '1', null, null, null, 'sysadmin', '20', null, null, '0000-00-00 00:00:00', null, '0000-00-00 00:00:00');
INSERT INTO `module` VALUES ('504', '5', '系统管理', '模块管理', '2', '0', null, '模块管理', 'sysadmin/moduleAction_list', '1', '1', null, null, null, 'sysadmin', '21', null, null, '0000-00-00 00:00:00', null, '0000-00-00 00:00:00');
INSERT INTO `module` VALUES ('6', null, null, '流程管理', '1', '0', null, '流程管理', 'activiti', '0', '1', null, null, null, 'activiti', '60', null, null, '0000-00-00 00:00:00', null, '0000-00-00 00:00:00');
INSERT INTO `module` VALUES ('601', '6', '流程管理', '部署流程', '2', '0', null, '部署流程', 'flow/flowAction_deploy.action', '1', '1', null, null, null, 'activiti', '61', null, null, '0000-00-00 00:00:00', null, '0000-00-00 00:00:00');
INSERT INTO `module` VALUES ('602', '6', '流程管理', '查询流程', '2', '0', null, '查询流程', 'flow/flowAction_queryProcessDefinition.action', '1', '1', null, null, null, 'activiti', '62', null, null, '0000-00-00 00:00:00', null, '0000-00-00 00:00:00');
INSERT INTO `module` VALUES ('603', '6', '流程管理', '添加采购单', '2', '0', null, '添加采购单', 'flow/orderFlowAction_addOrder.action', '1', '1', null, null, null, 'activiti', '63', null, null, '0000-00-00 00:00:00', null, '0000-00-00 00:00:00');
INSERT INTO `module` VALUES ('604', '6', '流程管理', '查询采购单', '2', '0', null, '查询采购单', 'flow/orderFlowAction_orderTaskList.action', '1', '1', null, null, null, 'activiti', '64', null, null, '0000-00-00 00:00:00', null, '0000-00-00 00:00:00');

-- ----------------------------
-- Table structure for online_info
-- ----------------------------
DROP TABLE IF EXISTS `online_info`;
CREATE TABLE `online_info` (
  `a1` char(2) DEFAULT NULL
) ENGINE=MyISAM DEFAULT CHARSET=utf8;

-- ----------------------------
-- Records of online_info
-- ----------------------------
INSERT INTO `online_info` VALUES ('00');
INSERT INTO `online_info` VALUES ('01');
INSERT INTO `online_info` VALUES ('02');
INSERT INTO `online_info` VALUES ('03');
INSERT INTO `online_info` VALUES ('04');
INSERT INTO `online_info` VALUES ('05');
INSERT INTO `online_info` VALUES ('06');
INSERT INTO `online_info` VALUES ('07');
INSERT INTO `online_info` VALUES ('08');
INSERT INTO `online_info` VALUES ('09');
INSERT INTO `online_info` VALUES ('10');
INSERT INTO `online_info` VALUES ('11');
INSERT INTO `online_info` VALUES ('12');
INSERT INTO `online_info` VALUES ('13');
INSERT INTO `online_info` VALUES ('14');
INSERT INTO `online_info` VALUES ('15');
INSERT INTO `online_info` VALUES ('16');
INSERT INTO `online_info` VALUES ('17');
INSERT INTO `online_info` VALUES ('18');
INSERT INTO `online_info` VALUES ('19');
INSERT INTO `online_info` VALUES ('20');
INSERT INTO `online_info` VALUES ('21');
INSERT INTO `online_info` VALUES ('22');
INSERT INTO `online_info` VALUES ('23');

-- ----------------------------
-- Table structure for packing_list
-- ----------------------------
DROP TABLE IF EXISTS `packing_list`;
CREATE TABLE `packing_list` (
  `packing_list_id` varchar(40) NOT NULL,
  `seller` varchar(200) DEFAULT NULL,
  `buyer` varchar(200) DEFAULT NULL,
  `invoice_no` varchar(30) DEFAULT NULL COMMENT '选择',
  `invoice_date` datetime DEFAULT NULL,
  `marks` varchar(200) DEFAULT NULL,
  `descriptions` varchar(200) DEFAULT NULL,
  `export_ids` varchar(200) DEFAULT NULL COMMENT '报运ID集合',
  `export_nos` varchar(200) DEFAULT NULL COMMENT '报运NO集合x,y|z,h',
  `state` int(11) DEFAULT NULL COMMENT '0草稿 1已上报',
  `create_by` varchar(40) DEFAULT NULL,
  `create_dept` varchar(40) DEFAULT NULL,
  `create_time` datetime DEFAULT NULL,
  PRIMARY KEY (`packing_list_id`)
) ENGINE=MyISAM DEFAULT CHARSET=utf8;

-- ----------------------------
-- Records of packing_list
-- ----------------------------
INSERT INTO `packing_list` VALUES ('8a7e842b57bc33760157bc340dad0000', 'AJ1', '小陈', 'PK10022', '0000-00-00 00:00:00', 'marks唛头', 'descript描述', null, null, '0', null, null, null);
INSERT INTO `packing_list` VALUES ('8a7e8412584c739201584c7433c50000', '美国ABC', 'ABC', 'ABC', '0000-00-00 00:00:00', 'ABC', 'ABC', null, null, '0', null, null, null);

-- ----------------------------
-- Table structure for role
-- ----------------------------
DROP TABLE IF EXISTS `role`;
CREATE TABLE `role` (
  `role_id` varchar(40) NOT NULL,
  `name` varchar(30) DEFAULT NULL,
  `remark` varchar(200) DEFAULT NULL,
  `order_no` int(11) DEFAULT '1' COMMENT '排列序号',
  `create_by` varchar(40) DEFAULT NULL,
  `create_dept` varchar(40) DEFAULT NULL,
  `create_time` datetime NOT NULL,
  `update_by` varchar(40) DEFAULT NULL,
  `update_time` datetime NOT NULL DEFAULT '0000-00-00 00:00:00',
  PRIMARY KEY (`role_id`)
) ENGINE=MyISAM DEFAULT CHARSET=utf8 COMMENT='角色表';

-- ----------------------------
-- Records of role
-- ----------------------------
INSERT INTO `role` VALUES ('4028a1c34ec2e5c8014ec2ebf8430001', '船运专员', '船运工作人员', '9', null, null, '0000-00-00 00:00:00', null, '2019-07-08 19:29:50');
INSERT INTO `role` VALUES ('4028a1c34ec2e5c8014ec2ec38cc0002', '船运经理', '船运经理', '10', null, null, '0000-00-00 00:00:00', null, '0000-00-00 00:00:00');
INSERT INTO `role` VALUES ('4028a1cd4ee2d9d6014ee2df4c6a0000', '装箱专员', '装箱专员', '11', null, null, '0000-00-00 00:00:00', null, '0000-00-00 00:00:00');
INSERT INTO `role` VALUES ('4028a1cd4ee2d9d6014ee2df4c6a0001', '总经理', 'sysadmin', '1', null, null, '0000-00-00 00:00:00', null, '0000-00-00 00:00:00');
INSERT INTO `role` VALUES ('4028a1cd4ee2d9d6014ee2df4c6a0002', '销售经理', 'salemanager', '2', null, null, '0000-00-00 00:00:00', null, '0000-00-00 00:00:00');
INSERT INTO `role` VALUES ('4028a1cd4ee2d9d6014ee2df4c6a0003', '合同专责', 'contract', '3', null, null, '0000-00-00 00:00:00', null, '0000-00-00 00:00:00');
INSERT INTO `role` VALUES ('4028a1cd4ee2d9d6014ee2df4c6a0004', '销售专责', 'sale', '4', null, null, '0000-00-00 00:00:00', null, '0000-00-00 00:00:00');
INSERT INTO `role` VALUES ('4028a1cd4ee2d9d6014ee2df4c6a0005', '报运经理', 'transportation', '5', null, null, '0000-00-00 00:00:00', null, '0000-00-00 00:00:00');
INSERT INTO `role` VALUES ('4028a1cd4ee2d9d6014ee2df4c6a0006', '报运专责', 'trans', '6', null, null, '0000-00-00 00:00:00', null, '0000-00-00 00:00:00');
INSERT INTO `role` VALUES ('4028a1cd4ee2d9d6014ee2df4c6a0007', '财务经理', 'financial', '7', null, null, '0000-00-00 00:00:00', null, '0000-00-00 00:00:00');
INSERT INTO `role` VALUES ('4028a1cd4ee2d9d6014ee2df4c6a0008', '财务专责', 'fin', '8', null, null, '0000-00-00 00:00:00', null, '0000-00-00 00:00:00');
INSERT INTO `role` VALUES ('8a7e840c580452b801580452e9960000', '会计专员', 'economic', null, null, null, '2019-06-09 16:14:10', null, '0000-00-00 00:00:00');
INSERT INTO `role` VALUES ('75937ca0-974c-4c6a-8c2b-749bdf93a2be', '技术管理员', '管理计算机系统', '1', null, null, '2019-07-08 20:04:46', null, '2019-07-08 20:04:46');

-- ----------------------------
-- Table structure for role_module
-- ----------------------------
DROP TABLE IF EXISTS `role_module`;
CREATE TABLE `role_module` (
  `role_id` varchar(255) DEFAULT NULL,
  `module_id` varchar(255) DEFAULT NULL
) ENGINE=MyISAM DEFAULT CHARSET=utf8 COMMENT='角色-模块表';

-- ----------------------------
-- Records of role_module
-- ----------------------------
INSERT INTO `role_module` VALUES ('8a7e840c580452b801580452e9960000', null);
INSERT INTO `role_module` VALUES ('4028a1c34ec2e5c8014ec2ebf8430001', '201');
INSERT INTO `role_module` VALUES ('4028a1c34ec2e5c8014ec2ebf8430001', '102');
INSERT INTO `role_module` VALUES ('4028a1c34ec2e5c8014ec2ebf8430001', '1');
INSERT INTO `role_module` VALUES ('4028a1c34ec2e5c8014ec2ebf8430001', '204');
INSERT INTO `role_module` VALUES ('4028a1c34ec2e5c8014ec2ebf8430001', '103');
INSERT INTO `role_module` VALUES ('4028a1c34ec2e5c8014ec2ebf8430001', '206');
INSERT INTO `role_module` VALUES ('4028a1c34ec2e5c8014ec2ebf8430001', '205');
INSERT INTO `role_module` VALUES ('4028a1c34ec2e5c8014ec2ebf8430001', '2');
INSERT INTO `role_module` VALUES ('4028a1c34ec2e5c8014ec2ebf8430001', '101');
INSERT INTO `role_module` VALUES ('4028a1c34ec2e5c8014ec2ec38cc0002', '503');
INSERT INTO `role_module` VALUES ('4028a1c34ec2e5c8014ec2ec38cc0002', '50104');
INSERT INTO `role_module` VALUES ('4028a1c34ec2e5c8014ec2ec38cc0002', '501');
INSERT INTO `role_module` VALUES ('4028a1c34ec2e5c8014ec2ec38cc0002', '50102');
INSERT INTO `role_module` VALUES ('4028a1c34ec2e5c8014ec2ec38cc0002', '301');
INSERT INTO `role_module` VALUES ('4028a1c34ec2e5c8014ec2ec38cc0002', '201');
INSERT INTO `role_module` VALUES ('4028a1c34ec2e5c8014ec2ec38cc0002', '206');
INSERT INTO `role_module` VALUES ('4028a1c34ec2e5c8014ec2ec38cc0002', '502');
INSERT INTO `role_module` VALUES ('4028a1c34ec2e5c8014ec2ec38cc0002', '204');
INSERT INTO `role_module` VALUES ('4028a1c34ec2e5c8014ec2ec38cc0002', '2');
INSERT INTO `role_module` VALUES ('4028a1c34ec2e5c8014ec2ec38cc0002', '50101');
INSERT INTO `role_module` VALUES ('4028a1c34ec2e5c8014ec2ec38cc0002', '303');
INSERT INTO `role_module` VALUES ('4028a1c34ec2e5c8014ec2ec38cc0002', '3');
INSERT INTO `role_module` VALUES ('4028a1c34ec2e5c8014ec2ec38cc0002', '504');
INSERT INTO `role_module` VALUES ('4028a1c34ec2e5c8014ec2ec38cc0002', '1');
INSERT INTO `role_module` VALUES ('4028a1c34ec2e5c8014ec2ec38cc0002', '103');
INSERT INTO `role_module` VALUES ('4028a1c34ec2e5c8014ec2ec38cc0002', '50103');
INSERT INTO `role_module` VALUES ('4028a1c34ec2e5c8014ec2ec38cc0002', '101');
INSERT INTO `role_module` VALUES ('4028a1c34ec2e5c8014ec2ec38cc0002', '102');
INSERT INTO `role_module` VALUES ('4028a1c34ec2e5c8014ec2ec38cc0002', '202');
INSERT INTO `role_module` VALUES ('4028a1c34ec2e5c8014ec2ec38cc0002', '302');
INSERT INTO `role_module` VALUES ('4028a1c34ec2e5c8014ec2ec38cc0002', '203');
INSERT INTO `role_module` VALUES ('4028a1c34ec2e5c8014ec2ec38cc0002', '205');
INSERT INTO `role_module` VALUES ('4028a1c34ec2e5c8014ec2ec38cc0002', '5');
INSERT INTO `role_module` VALUES ('4028a1cd4ee2d9d6014ee2df4c6a0001', '1');
INSERT INTO `role_module` VALUES ('4028a1cd4ee2d9d6014ee2df4c6a0001', '101');
INSERT INTO `role_module` VALUES ('4028a1cd4ee2d9d6014ee2df4c6a0001', '102');
INSERT INTO `role_module` VALUES ('4028a1cd4ee2d9d6014ee2df4c6a0001', '103');
INSERT INTO `role_module` VALUES ('4028a1cd4ee2d9d6014ee2df4c6a0001', '2');
INSERT INTO `role_module` VALUES ('4028a1cd4ee2d9d6014ee2df4c6a0001', '201');
INSERT INTO `role_module` VALUES ('4028a1cd4ee2d9d6014ee2df4c6a0001', '202');
INSERT INTO `role_module` VALUES ('4028a1cd4ee2d9d6014ee2df4c6a0001', '203');
INSERT INTO `role_module` VALUES ('4028a1cd4ee2d9d6014ee2df4c6a0001', '204');
INSERT INTO `role_module` VALUES ('4028a1cd4ee2d9d6014ee2df4c6a0001', '205');
INSERT INTO `role_module` VALUES ('4028a1cd4ee2d9d6014ee2df4c6a0001', '206');
INSERT INTO `role_module` VALUES ('4028a1cd4ee2d9d6014ee2df4c6a0001', '207');
INSERT INTO `role_module` VALUES ('4028a1cd4ee2d9d6014ee2df4c6a0001', '208');
INSERT INTO `role_module` VALUES ('4028a1cd4ee2d9d6014ee2df4c6a0001', '3');
INSERT INTO `role_module` VALUES ('4028a1cd4ee2d9d6014ee2df4c6a0001', '301');
INSERT INTO `role_module` VALUES ('4028a1cd4ee2d9d6014ee2df4c6a0001', '302');
INSERT INTO `role_module` VALUES ('4028a1cd4ee2d9d6014ee2df4c6a0001', '303');
INSERT INTO `role_module` VALUES ('4028a1cd4ee2d9d6014ee2df4c6a0001', '4');
INSERT INTO `role_module` VALUES ('4028a1cd4ee2d9d6014ee2df4c6a0001', '401');
INSERT INTO `role_module` VALUES ('4028a1cd4ee2d9d6014ee2df4c6a0001', '402');
INSERT INTO `role_module` VALUES ('4028a1cd4ee2d9d6014ee2df4c6a0001', '5');
INSERT INTO `role_module` VALUES ('4028a1cd4ee2d9d6014ee2df4c6a0001', '501');
INSERT INTO `role_module` VALUES ('4028a1cd4ee2d9d6014ee2df4c6a0001', '502');
INSERT INTO `role_module` VALUES ('4028a1cd4ee2d9d6014ee2df4c6a0001', '503');
INSERT INTO `role_module` VALUES ('4028a1cd4ee2d9d6014ee2df4c6a0001', '504');
INSERT INTO `role_module` VALUES ('4028a1cd4ee2d9d6014ee2df4c6a0001', '6');
INSERT INTO `role_module` VALUES ('4028a1cd4ee2d9d6014ee2df4c6a0001', '601');
INSERT INTO `role_module` VALUES ('4028a1cd4ee2d9d6014ee2df4c6a0001', '602');
INSERT INTO `role_module` VALUES ('4028a1cd4ee2d9d6014ee2df4c6a0002', '1');
INSERT INTO `role_module` VALUES ('4028a1cd4ee2d9d6014ee2df4c6a0002', '101');
INSERT INTO `role_module` VALUES ('4028a1cd4ee2d9d6014ee2df4c6a0002', '102');
INSERT INTO `role_module` VALUES ('4028a1cd4ee2d9d6014ee2df4c6a0002', '103');
INSERT INTO `role_module` VALUES ('4028a1cd4ee2d9d6014ee2df4c6a0002', '2');
INSERT INTO `role_module` VALUES ('4028a1cd4ee2d9d6014ee2df4c6a0002', '201');
INSERT INTO `role_module` VALUES ('4028a1cd4ee2d9d6014ee2df4c6a0002', '202');
INSERT INTO `role_module` VALUES ('4028a1cd4ee2d9d6014ee2df4c6a0002', '203');
INSERT INTO `role_module` VALUES ('4028a1cd4ee2d9d6014ee2df4c6a0002', '204');
INSERT INTO `role_module` VALUES ('4028a1cd4ee2d9d6014ee2df4c6a0002', '205');
INSERT INTO `role_module` VALUES ('4028a1cd4ee2d9d6014ee2df4c6a0002', '206');
INSERT INTO `role_module` VALUES ('4028a1cd4ee2d9d6014ee2df4c6a0002', '207');
INSERT INTO `role_module` VALUES ('4028a1cd4ee2d9d6014ee2df4c6a0002', '208');
INSERT INTO `role_module` VALUES ('4028a1cd4ee2d9d6014ee2df4c6a0002', '4');
INSERT INTO `role_module` VALUES ('4028a1cd4ee2d9d6014ee2df4c6a0002', '401');
INSERT INTO `role_module` VALUES ('4028a1cd4ee2d9d6014ee2df4c6a0002', '5');
INSERT INTO `role_module` VALUES ('4028a1cd4ee2d9d6014ee2df4c6a0002', '501');
INSERT INTO `role_module` VALUES ('4028a1cd4ee2d9d6014ee2df4c6a0002', '502');
INSERT INTO `role_module` VALUES ('4028a1cd4ee2d9d6014ee2df4c6a0002', '503');
INSERT INTO `role_module` VALUES ('4028a1cd4ee2d9d6014ee2df4c6a0004', '1');
INSERT INTO `role_module` VALUES ('4028a1cd4ee2d9d6014ee2df4c6a0004', '101');
INSERT INTO `role_module` VALUES ('4028a1cd4ee2d9d6014ee2df4c6a0004', '102');
INSERT INTO `role_module` VALUES ('4028a1cd4ee2d9d6014ee2df4c6a0004', '103');
INSERT INTO `role_module` VALUES ('4028a1cd4ee2d9d6014ee2df4c6a0004', '2');
INSERT INTO `role_module` VALUES ('4028a1cd4ee2d9d6014ee2df4c6a0004', '201');
INSERT INTO `role_module` VALUES ('4028a1cd4ee2d9d6014ee2df4c6a0004', '202');
INSERT INTO `role_module` VALUES ('4028a1cd4ee2d9d6014ee2df4c6a0004', '203');
INSERT INTO `role_module` VALUES ('4028a1cd4ee2d9d6014ee2df4c6a0004', '204');
INSERT INTO `role_module` VALUES ('4028a1cd4ee2d9d6014ee2df4c6a0004', '205');
INSERT INTO `role_module` VALUES ('4028a1cd4ee2d9d6014ee2df4c6a0004', '206');
INSERT INTO `role_module` VALUES ('4028a1cd4ee2d9d6014ee2df4c6a0004', '207');
INSERT INTO `role_module` VALUES ('4028a1cd4ee2d9d6014ee2df4c6a0008', '1');
INSERT INTO `role_module` VALUES ('4028a1cd4ee2d9d6014ee2df4c6a0008', '101');
INSERT INTO `role_module` VALUES ('4028a1cd4ee2d9d6014ee2df4c6a0008', '102');
INSERT INTO `role_module` VALUES ('4028a1cd4ee2d9d6014ee2df4c6a0008', '103');
INSERT INTO `role_module` VALUES ('4028a1cd4ee2d9d6014ee2df4c6a0008', '2');
INSERT INTO `role_module` VALUES ('4028a1cd4ee2d9d6014ee2df4c6a0008', '201');
INSERT INTO `role_module` VALUES ('4028a1cd4ee2d9d6014ee2df4c6a0008', '202');
INSERT INTO `role_module` VALUES ('4028a1cd4ee2d9d6014ee2df4c6a0008', '203');
INSERT INTO `role_module` VALUES ('4028a1cd4ee2d9d6014ee2df4c6a0008', '204');
INSERT INTO `role_module` VALUES ('4028a1cd4ee2d9d6014ee2df4c6a0008', '205');
INSERT INTO `role_module` VALUES ('4028a1cd4ee2d9d6014ee2df4c6a0008', '206');
INSERT INTO `role_module` VALUES ('4028a1cd4ee2d9d6014ee2df4c6a0008', '207');
INSERT INTO `role_module` VALUES ('4028a1cd4ee2d9d6014ee2df4c6a0008', '208');
INSERT INTO `role_module` VALUES ('4028a1cd4ee2d9d6014ee2df4c6a0008', '3');
INSERT INTO `role_module` VALUES ('4028a1cd4ee2d9d6014ee2df4c6a0008', '301');
INSERT INTO `role_module` VALUES ('4028a1cd4ee2d9d6014ee2df4c6a0008', '302');
INSERT INTO `role_module` VALUES ('4028a1cd4ee2d9d6014ee2df4c6a0008', '303');
INSERT INTO `role_module` VALUES ('4028a1cd4ee2d9d6014ee2df4c6a0008', '4');
INSERT INTO `role_module` VALUES ('4028a1cd4ee2d9d6014ee2df4c6a0008', '401');
INSERT INTO `role_module` VALUES ('4028a1cd4ee2d9d6014ee2df4c6a0008', '402');
INSERT INTO `role_module` VALUES ('4028a1cd4ee2d9d6014ee2df4c6a0008', '5');
INSERT INTO `role_module` VALUES ('4028a1cd4ee2d9d6014ee2df4c6a0008', '501');
INSERT INTO `role_module` VALUES ('4028a1cd4ee2d9d6014ee2df4c6a0008', '502');
INSERT INTO `role_module` VALUES ('4028a1cd4ee2d9d6014ee2df4c6a0008', '503');
INSERT INTO `role_module` VALUES ('4028a1cd4ee2d9d6014ee2df4c6a0008', '504');
INSERT INTO `role_module` VALUES ('4028a1cd4ee2d9d6014ee2df4c6a0000', '101');
INSERT INTO `role_module` VALUES ('4028a1cd4ee2d9d6014ee2df4c6a0000', '102');
INSERT INTO `role_module` VALUES ('4028a1cd4ee2d9d6014ee2df4c6a0000', '6');
INSERT INTO `role_module` VALUES ('4028a1cd4ee2d9d6014ee2df4c6a0000', '602');
INSERT INTO `role_module` VALUES ('4028a1cd4ee2d9d6014ee2df4c6a0000', '203');
INSERT INTO `role_module` VALUES ('4028a1cd4ee2d9d6014ee2df4c6a0000', '604');
INSERT INTO `role_module` VALUES ('4028a1cd4ee2d9d6014ee2df4c6a0000', '202');
INSERT INTO `role_module` VALUES ('4028a1cd4ee2d9d6014ee2df4c6a0000', '205');
INSERT INTO `role_module` VALUES ('4028a1cd4ee2d9d6014ee2df4c6a0000', '204');
INSERT INTO `role_module` VALUES ('4028a1cd4ee2d9d6014ee2df4c6a0000', '1');
INSERT INTO `role_module` VALUES ('4028a1cd4ee2d9d6014ee2df4c6a0000', '2');
INSERT INTO `role_module` VALUES ('4028a1cd4ee2d9d6014ee2df4c6a0000', '208');
INSERT INTO `role_module` VALUES ('4028a1cd4ee2d9d6014ee2df4c6a0000', '201');
INSERT INTO `role_module` VALUES ('4028a1cd4ee2d9d6014ee2df4c6a0000', '206');
INSERT INTO `role_module` VALUES ('4028a1cd4ee2d9d6014ee2df4c6a0000', '103');
INSERT INTO `role_module` VALUES ('4028a1cd4ee2d9d6014ee2df4c6a0000', '207');
INSERT INTO `role_module` VALUES ('4028a1cd4ee2d9d6014ee2df4c6a0000', '603');
INSERT INTO `role_module` VALUES ('4028a1cd4ee2d9d6014ee2df4c6a0000', '601');
INSERT INTO `role_module` VALUES ('4028a1cd4ee2d9d6014ee2df4c6a0007', '50103');
INSERT INTO `role_module` VALUES ('4028a1cd4ee2d9d6014ee2df4c6a0007', '302');
INSERT INTO `role_module` VALUES ('4028a1cd4ee2d9d6014ee2df4c6a0007', '50101');
INSERT INTO `role_module` VALUES ('4028a1cd4ee2d9d6014ee2df4c6a0007', '204');
INSERT INTO `role_module` VALUES ('4028a1cd4ee2d9d6014ee2df4c6a0007', '603');
INSERT INTO `role_module` VALUES ('4028a1cd4ee2d9d6014ee2df4c6a0007', '601');
INSERT INTO `role_module` VALUES ('4028a1cd4ee2d9d6014ee2df4c6a0007', '604');
INSERT INTO `role_module` VALUES ('4028a1cd4ee2d9d6014ee2df4c6a0007', '5');
INSERT INTO `role_module` VALUES ('4028a1cd4ee2d9d6014ee2df4c6a0007', '502');
INSERT INTO `role_module` VALUES ('4028a1cd4ee2d9d6014ee2df4c6a0007', '207');
INSERT INTO `role_module` VALUES ('4028a1cd4ee2d9d6014ee2df4c6a0007', '205');
INSERT INTO `role_module` VALUES ('4028a1cd4ee2d9d6014ee2df4c6a0007', '203');
INSERT INTO `role_module` VALUES ('4028a1cd4ee2d9d6014ee2df4c6a0007', '201');
INSERT INTO `role_module` VALUES ('4028a1cd4ee2d9d6014ee2df4c6a0007', '4');
INSERT INTO `role_module` VALUES ('4028a1cd4ee2d9d6014ee2df4c6a0007', '208');
INSERT INTO `role_module` VALUES ('4028a1cd4ee2d9d6014ee2df4c6a0007', '202');
INSERT INTO `role_module` VALUES ('4028a1cd4ee2d9d6014ee2df4c6a0007', '1');
INSERT INTO `role_module` VALUES ('4028a1cd4ee2d9d6014ee2df4c6a0007', '504');
INSERT INTO `role_module` VALUES ('4028a1cd4ee2d9d6014ee2df4c6a0007', '102');
INSERT INTO `role_module` VALUES ('4028a1cd4ee2d9d6014ee2df4c6a0007', '6');
INSERT INTO `role_module` VALUES ('4028a1cd4ee2d9d6014ee2df4c6a0007', '50104');
INSERT INTO `role_module` VALUES ('4028a1cd4ee2d9d6014ee2df4c6a0007', '206');
INSERT INTO `role_module` VALUES ('4028a1cd4ee2d9d6014ee2df4c6a0007', '2');
INSERT INTO `role_module` VALUES ('4028a1cd4ee2d9d6014ee2df4c6a0007', '50102');
INSERT INTO `role_module` VALUES ('4028a1cd4ee2d9d6014ee2df4c6a0007', '402');
INSERT INTO `role_module` VALUES ('4028a1cd4ee2d9d6014ee2df4c6a0007', '501');
INSERT INTO `role_module` VALUES ('4028a1cd4ee2d9d6014ee2df4c6a0007', '101');
INSERT INTO `role_module` VALUES ('4028a1cd4ee2d9d6014ee2df4c6a0007', '303');
INSERT INTO `role_module` VALUES ('4028a1cd4ee2d9d6014ee2df4c6a0007', '103');
INSERT INTO `role_module` VALUES ('4028a1cd4ee2d9d6014ee2df4c6a0007', '503');
INSERT INTO `role_module` VALUES ('4028a1cd4ee2d9d6014ee2df4c6a0007', '301');
INSERT INTO `role_module` VALUES ('4028a1cd4ee2d9d6014ee2df4c6a0007', '3');
INSERT INTO `role_module` VALUES ('4028a1cd4ee2d9d6014ee2df4c6a0007', '401');
INSERT INTO `role_module` VALUES ('4028a1cd4ee2d9d6014ee2df4c6a0007', '602');
INSERT INTO `role_module` VALUES ('4028a1c34ec2e5c8014ec2ebf8430001', '203');
INSERT INTO `role_module` VALUES ('4028a1c34ec2e5c8014ec2ebf8430001', '202');

-- ----------------------------
-- Table structure for role_user
-- ----------------------------
DROP TABLE IF EXISTS `role_user`;
CREATE TABLE `role_user` (
  `user_id` varchar(150) NOT NULL,
  `role_id` varchar(150) NOT NULL,
  PRIMARY KEY (`user_id`,`role_id`)
) ENGINE=MyISAM DEFAULT CHARSET=utf8 COMMENT='用户角色表';

-- ----------------------------
-- Records of role_user
-- ----------------------------
INSERT INTO `role_user` VALUES ('002108e2-9a10-4510-9683-8d8fd1d374ef', '4028a1cd4ee2d9d6014ee2df4c6a0000');
INSERT INTO `role_user` VALUES ('002108e2-9a10-4510-9683-8d8fd1d374ef', '4028a1cd4ee2d9d6014ee2df4c6a0004');
INSERT INTO `role_user` VALUES ('002108e2-9a10-4510-9683-8d8fd1d374ef', '4028a1cd4ee2d9d6014ee2df4c6a0008');
INSERT INTO `role_user` VALUES ('18077bdb-8dd3-4aae-95a2-078c963f8416', '4028a1cd4ee2d9d6014ee2df4c6a0000');
INSERT INTO `role_user` VALUES ('424b2d01-d812-4f30-be40-dcda14110118', '4028a1cd4ee2d9d6014ee2df4c6a0007');
INSERT INTO `role_user` VALUES ('6424df15-963c-4218-8371-6ad000ef5a5a', '4028a1c34ec2e5c8014ec2ebf8430001');
INSERT INTO `role_user` VALUES ('6764e5a1-45e5-4229-a72a-7c5d72209b15', '4028a1c34ec2e5c8014ec2ebf8430001');
INSERT INTO `role_user` VALUES ('71a5a695-0ba5-4f0d-a0b5-0a304efde944', '4028a1cd4ee2d9d6014ee2df4c6a0007');
INSERT INTO `role_user` VALUES ('9fe270f8-f682-4126-92aa-604d945c95f1', '4028a1cd4ee2d9d6014ee2df4c6a0000');
INSERT INTO `role_user` VALUES ('a4e6e173-39dc-4b2d-a089-6eb92d117682', '4028a1cd4ee2d9d6014ee2df4c6a0007');
INSERT INTO `role_user` VALUES ('b11c3da4-4760-4f4f-9913-78f7749ffcf9', '4028a1cd4ee2d9d6014ee2df4c6a0007');
INSERT INTO `role_user` VALUES ('b891b14b-1316-4a79-8b88-695be1e3f42f', '4028a1cd4ee2d9d6014ee2df4c6a0007');
INSERT INTO `role_user` VALUES ('c0f469b0-cad9-4f3a-ba82-a6c0573ce4c0', '4028a1c34ec2e5c8014ec2ebf8430001');
INSERT INTO `role_user` VALUES ('e0de22fe-2c50-4216-ad75-ed0494d2dc92', '4028a1c34ec2e5c8014ec2ebf8430001');
INSERT INTO `role_user` VALUES ('e0de22fe-2c50-4216-ad75-ed0494d2dc92', '4028a1c34ec2e5c8014ec2ec38cc0002');
INSERT INTO `role_user` VALUES ('e0de22fe-2c50-4216-ad75-ed0494d2dc92', '8a7e840c580452b801580452e9960000');

-- ----------------------------
-- Table structure for user
-- ----------------------------
DROP TABLE IF EXISTS `user`;
CREATE TABLE `user` (
  `user_id` varchar(40) NOT NULL,
  `dept_id` varchar(40) DEFAULT NULL,
  `user_name` varchar(50) DEFAULT NULL COMMENT '不能重复,可为中文',
  `password` varchar(64) DEFAULT NULL COMMENT 'shiro MD5密码32位',
  `state` int(11) DEFAULT '1' COMMENT '1启用  0停用',
  `create_by` varchar(40) DEFAULT NULL COMMENT '登录人编号',
  `create_dept` varchar(40) DEFAULT NULL COMMENT '登录人所属部门编号',
  `create_time` datetime NOT NULL,
  `update_by` varchar(40) DEFAULT NULL,
  `update_time` datetime NOT NULL,
  PRIMARY KEY (`user_id`),
  KEY `dept_id` (`dept_id`)
) ENGINE=MyISAM DEFAULT CHARSET=utf8 COMMENT='用户表';

-- ----------------------------
-- Records of user
-- ----------------------------
INSERT INTO `user` VALUES ('8fe436ac-87e9-4d35-a3a4-0eb33cae6c86', '3d00290a-1af0-4c28-853e-29fbf96a2722', 'liufx111', '433b3fc34c0537b6798c4cd32f3fdd76', '0', null, null, '2015-04-03 16:51:40', null, '2019-07-08 09:27:42');
INSERT INTO `user` VALUES ('cf0015d3-bcdd-433b-889d-808b53b72640', '3d00290a-1af0-4c28-853e-29fbf96a2722', 'mz', 'f49640653494f7b2832fab74b4cb1f17', '1', null, null, '2015-06-07 15:36:07', null, '2015-06-07 15:36:07');
INSERT INTO `user` VALUES ('2fe8de53-d911-4ff3-aad6-b7c643e55b43', '402832836af94f2c016af95001680000', 'caddo', 'caddo', '1', null, null, '2019-07-08 18:26:48', null, '2019-07-08 18:26:48');
INSERT INTO `user` VALUES ('002108e2-9a10-4510-9683-8d8fd1d374ef', '4028827c4fb6202a014fb6209c730000', 'lw', '054d482f7b4d3633da1969b1c5c7f70e', '1', null, null, '2019-05-10 10:11:13', null, '2019-05-10 10:11:13');
INSERT INTO `user` VALUES ('18077bdb-8dd3-4aae-95a2-078c963f8416', '4028827c4fb6202a014fb6209c730000', 'lisi', '42bd4e7685cb11d3ba02716c313cb04b', '1', null, null, '2019-05-10 09:05:00', null, '2019-05-10 09:05:00');
INSERT INTO `user` VALUES ('ef1f631d-76c8-4837-9ad9-f5f6209e4463', '100', 'ylj', 'f8cd532008e6d34112893479cd94cfd2', '1', null, null, '2015-06-07 15:36:55', null, '2015-06-07 15:36:55');
INSERT INTO `user` VALUES ('254488b1-37f0-4741-8eaf-3ababe15a3b2', '4028827c4fb6202a014fb6209c730000', 'aa', '43597346retryrttttttyuytuyuyuuyuyuyt', '1', null, null, '2015-06-07 15:37:07', null, '2015-06-07 15:37:07');
INSERT INTO `user` VALUES ('1f7e2424-63d2-428a-8eba-8fe2d52bcee4', '97f88a8c-90fc-4d52-aed7-2046f62fb498', 'zk', 'e996653b0bd20a75838c672935e2894a', '1', null, null, '2015-06-07 15:37:17', null, '2015-06-07 15:37:17');
INSERT INTO `user` VALUES ('424b2d01-d812-4f30-be40-dcda14110118', '4028827c4fb6202a014fb6209c730000', 'J0724', '22db00a6ab82911b95e3b58eb3bd7dd4', '1', null, null, '2015-06-07 15:37:31', null, '2015-06-07 15:37:31');
INSERT INTO `user` VALUES ('71a5a695-0ba5-4f0d-a0b5-0a304efde944', '4028827c4fb6202a014fb6209c730000', 'J0723', 'a482e34a17bbfc6b5807cce38ac9026a', '1', null, null, '2015-06-07 15:37:56', null, '2015-06-07 15:37:56');
INSERT INTO `user` VALUES ('9fe270f8-f682-4126-92aa-604d945c95f1', '4028827c4fb6202a014fb6209c730000', 'zhangsan', '654407ac2e454fe560337510aa6adb97', '1', null, null, '2019-04-29 14:31:48', null, '2019-04-29 14:31:48');
INSERT INTO `user` VALUES ('a4e6e173-39dc-4b2d-a089-6eb92d117682', '4028827c4fb6202a014fb6209c730000', 'asd', '5933fcbd143b7c752d5f2967a41fd979', '1', null, null, '2019-05-10 08:33:07', null, '2019-05-10 08:33:07');
INSERT INTO `user` VALUES ('b11c3da4-4760-4f4f-9913-78f7749ffcf9', '4028827c4fb6202a014fb6209c730000', 'J0725', '42c491bd87c7ed9ef5efdfa732665651', '1', null, null, '2019-04-29 09:17:49', null, '2019-04-29 09:17:49');
INSERT INTO `user` VALUES ('b891b14b-1316-4a79-8b88-695be1e3f42f', '4028827c4fb6202a014fb6209c730000', 'aj', 'd7d57e0a542eb25ce59e667c8fc50791', '1', null, null, '2019-04-29 14:30:14', null, '2019-04-29 14:30:14');
INSERT INTO `user` VALUES ('e0de22fe-2c50-4216-ad75-ed0494d2dc92', '4028827c4fb6202a014fb6209c730000', 'cgx', 'e2bd4809f74129a3df82675786c2f035', '1', null, null, '2019-04-29 14:32:01', null, '2019-04-29 14:32:01');
INSERT INTO `user` VALUES ('e2fc5d41-2733-4c8a-88a6-6dbad214d47e', 'aeb1c7d3-9a54-4f73-b0ec-0325b83aef45', 'SOA', '0d6544dc04c28afa8cb0e690952a1bac', '1', null, null, '2019-05-10 10:11:13', null, '2019-05-10 10:11:13');
INSERT INTO `user` VALUES ('6424df15-963c-4218-8371-6ad000ef5a5a', 'aeb1c7d3-9a54-4f73-b0ec-0325b83aef45', 'OOP', 'f45a26a751732fdf66cd7736cea61d0a', '1', null, null, '2019-05-10 09:21:55', null, '2019-05-10 09:21:55');
INSERT INTO `user` VALUES ('6764e5a1-45e5-4229-a72a-7c5d72209b15', 'aeb1c7d3-9a54-4f73-b0ec-0325b83aef45', 'AOP', '877104d1f3e6d8bbb5501cb9fd2510e9', '1', null, null, '2019-05-10 09:24:44', null, '2019-05-10 09:24:44');
INSERT INTO `user` VALUES ('c0f469b0-cad9-4f3a-ba82-a6c0573ce4c0', '73f3fa2f-66a2-4d16-8306-78d89003031b', 'zhsang', 'ca63149659f20157536b6fe35deba6a2', '1', null, null, '2019-05-10 09:21:55', null, '2019-05-10 09:21:55');

-- ----------------------------
-- Table structure for user_info
-- ----------------------------
DROP TABLE IF EXISTS `user_info`;
CREATE TABLE `user_info` (
  `user_info_id` varchar(40) NOT NULL,
  `name` varchar(20) DEFAULT NULL COMMENT '注册真实姓名',
  `manager_id` varchar(40) DEFAULT NULL COMMENT '上级编号',
  `join_date` datetime DEFAULT NULL COMMENT '注册时间',
  `salary` double(20,2) DEFAULT NULL COMMENT '薪水',
  `birthday` datetime DEFAULT NULL COMMENT '出生日期',
  `gender` char(1) DEFAULT NULL COMMENT '性别： 0：女  1：男',
  `station` varchar(20) DEFAULT NULL COMMENT '职位',
  `telephone` varchar(20) DEFAULT NULL COMMENT '联系电话',
  `degree` int(11) DEFAULT NULL COMMENT '超级管理员  1-跨部门跨人员    2-管理所有下属部门和人员    3-管理本部门    4-普通员  0作为内部控制只对sysdebug，用户不能进行添加'';',
  `remark` varchar(200) DEFAULT NULL COMMENT '说明',
  `order_no` int(11) DEFAULT NULL COMMENT '排序号',
  `create_by` varchar(40) DEFAULT NULL COMMENT '登录人编号',
  `create_dept` varchar(40) DEFAULT NULL COMMENT '登录人所属部门编号',
  `create_time` datetime DEFAULT NULL,
  `update_by` varchar(40) DEFAULT NULL,
  `update_time` datetime DEFAULT NULL,
  `email` varchar(40) DEFAULT NULL COMMENT '邮箱',
  PRIMARY KEY (`user_info_id`)
) ENGINE=MyISAM DEFAULT CHARSET=utf8 COMMENT='用户详细信息表';

-- ----------------------------
-- Records of user_info
-- ----------------------------
INSERT INTO `user_info` VALUES ('3dcdec6f-bde8-426b-9dfd-9cfd01c7163d', 'zbz1', '002108e2-9a10-4510-9683-8d8fd1d374ef', '0000-00-00 00:00:00', '444.00', '2015-06-07 15:36:07', '1', 'zbz1', '46565', '4', 'zbz1', '4354', '', '', '2015-06-07 15:36:07', '', '2015-06-07 15:36:07', '');
INSERT INTO `user_info` VALUES ('7b8ee56e-cdc7-45a5-9417-dada17748142', 'sssaa', '254488b1-37f0-4741-8eaf-3ababe15a3b2', '0000-00-00 00:00:00', '5556.00', '2015-06-07 15:36:16', '0', 'sssaa', '5678689', '4', 'sssaa', '234', '', '', '2015-06-07 15:36:16', '', '2015-06-07 15:36:16', '');
INSERT INTO `user_info` VALUES ('50cfdbdf-3767-4e92-8a0c-378d66b20042', 'a', '002108e2-9a10-4510-9683-8d8fd1d374ef', '0000-00-00 00:00:00', '666.00', '2015-06-07 15:36:27', '1', 'a', '34556', '4', '1', '1222', '', '', '2015-06-07 15:36:27', '', '2015-06-07 15:36:27', '3462420264@qq.com');
INSERT INTO `user_info` VALUES ('6424df15-963c-4218-8371-6ad000ef5a5a', 'OOP', '18077bdb-8dd3-4aae-95a2-078c963f8416', '0000-00-00 00:00:00', '5678.00', '2019-05-10 10:11:13', '1', '员工', '456575', '4', '546657', '45445', '', '', '2019-05-10 10:11:13', '', '2019-05-10 10:11:13', '2546654654@qq.com');
INSERT INTO `user_info` VALUES ('e2fc5d41-2733-4c8a-88a6-6dbad214d47e', 'SOA', '8fe436ac-87e9-4d35-a3a4-0eb33cae6c86', '0000-00-00 00:00:00', '5678.00', '2019-05-10 09:05:00', '0', '部门经理', '5465767', '3', '456', '12445', '', '', '2019-05-10 09:05:00', '', '2019-05-10 09:05:00', '464564@qq.com');
INSERT INTO `user_info` VALUES ('9d5cf2bd-9dc6-41cf-9e3d-c92e74a1bf0a', '王雨晴', 'e0de22fe-2c50-4216-ad75-ed0494d2dc92', '0000-00-00 00:00:00', '66666.00', '2015-06-07 15:36:55', '0', '部门经理', '547657656', '3', 'rtre', '345', '', '', '2015-06-07 15:36:55', '', '2015-06-07 15:36:55', '3462420264@qq.com');
INSERT INTO `user_info` VALUES ('6764e5a1-45e5-4229-a72a-7c5d72209b15', 'AOP', '8fe436ac-87e9-4d35-a3a4-0eb33cae6c86', '0000-00-00 00:00:00', '34465.00', '2015-06-07 15:37:07', '0', '员工', '5667', '4', '6577', '3445', '', '', '2015-06-07 15:37:07', '', '2015-06-07 15:37:07', '4365464@qq.com');
INSERT INTO `user_info` VALUES ('677f58a8-d8c8-4ff5-b9b9-d3df141f7329', '马晓亮', '8fe436ac-87e9-4d35-a3a4-0eb33cae6c86', '0000-00-00 00:00:00', '100000.00', '2015-06-07 15:37:17', '1', '总裁', '5475745654', '0', '4543543', '443534', '', '', '2015-06-07 15:37:17', '', '2015-06-07 15:37:17', '3462420264@qq.com');
INSERT INTO `user_info` VALUES ('195d4c7f-5831-4cf3-b858-661963cd0524', '王小芬', '677f58a8-d8c8-4ff5-b9b9-d3df141f7329', '0000-00-00 00:00:00', '90000.00', '2015-06-07 15:37:31', '0', '部门经理', '555464654', '3', 'fdsfds', '32432', '', '', '2015-06-07 15:37:31', '', '2015-06-07 15:37:31', '3462420264@qq.com');
INSERT INTO `user_info` VALUES ('ee6cf6c6-6c0f-486f-83b6-2091598a3708', '崔一鸣二代', '18077bdb-8dd3-4aae-95a2-078c963f8416', '0000-00-00 00:00:00', '88990.00', '2015-06-07 15:37:56', '1', '经理', '5686867', '3', 'rt', '567', '', '', '2015-06-07 15:37:56', '', '2015-06-07 15:37:56', '3462420264@qq.com');
INSERT INTO `user_info` VALUES ('8fe436ac-87e9-4d35-a3a4-0eb33cae6c86', '刘芳旭', '18077bdb-8dd3-4aae-95a2-078c963f8416', '0000-00-00 00:00:00', '556677.00', '2019-04-29 14:31:48', '1', '总裁', '43544', '0', '是个帅哥', '3444', '', '', '2019-04-29 14:31:48', '', '2019-07-08 09:27:42', '3462420264@qq.com');
INSERT INTO `user_info` VALUES ('cf0015d3-bcdd-433b-889d-808b53b72640', '马总', '8fe436ac-87e9-4d35-a3a4-0eb33cae6c86', '0000-00-00 00:00:00', '80000.00', '2019-05-10 08:33:07', '1', '部门经理', '6566575', '3', 'tytrytr', '6575', '', '', '2019-05-10 08:33:07', '', '2019-05-10 08:33:07', '3462420264@qq.com');
INSERT INTO `user_info` VALUES ('ca4fe4bc-362f-4319-88dd-df50446c1c08', 'zxt', '18077bdb-8dd3-4aae-95a2-078c963f8416', '0000-00-00 00:00:00', '4567.00', '2019-04-29 09:17:49', '0', 'zxt', '4356576', '4', 'fdftytr', '123', '', '', '2019-04-29 09:17:49', '', '2019-04-29 09:17:49', '');
INSERT INTO `user_info` VALUES ('876eb030-108d-489f-9c1a-4473fed06722', '冯莉', '8fe436ac-87e9-4d35-a3a4-0eb33cae6c86', '0000-00-00 00:00:00', '100000.00', '2019-04-29 14:30:14', '0', '部门经理', '56756756', '3', 'fsfds', '234', '', '', '2019-04-29 14:30:14', '', '2019-04-29 14:30:14', '');
INSERT INTO `user_info` VALUES ('b0369509-351d-41df-84e3-3a5340852081', '智勇', '8fe436ac-87e9-4d35-a3a4-0eb33cae6c86', '0000-00-00 00:00:00', '8888.00', '2019-05-10 10:11:13', '1', 'manager', '456546', '3', 'dsfdsfds', '123', '', '', '2019-05-10 10:11:13', '', '2019-05-10 10:11:13', '');
INSERT INTO `user_info` VALUES ('01d375fd-3953-402c-8293-214983c6c9fd', 'abcaj', '8fe436ac-87e9-4d35-a3a4-0eb33cae6c86', '0000-00-00 00:00:00', '90000.00', '2019-05-10 09:21:55', '0', '员工', '46454543455', '4', '突然热', '456', '', '', '2019-05-10 09:21:55', '', '2019-05-10 09:21:55', '3462420264@qq.com');
INSERT INTO `user_info` VALUES ('002108e2-9a10-4510-9683-8d8fd1d374ef', 'lw', 'b891b14b-1316-4a79-8b88-695be1e3f42f', '0000-00-00 00:00:00', '100.00', '2019-05-10 09:21:55', '1', 'lw', '3243234', '4', 'lw', '12', '', '', '2019-05-10 09:21:55', '', '2019-05-10 09:21:55', '');
INSERT INTO `user_info` VALUES ('18077bdb-8dd3-4aae-95a2-078c963f8416', '李四', '', '0000-00-00 00:00:00', '222.00', '0000-00-00 00:00:00', '1', '222', '222', '4', '222', '222', '', '', '0000-00-00 00:00:00', '', '0000-00-00 00:00:00', '');
INSERT INTO `user_info` VALUES ('1f7e2424-63d2-428a-8eba-8fe2d52bcee4', '张凯', '8fe436ac-87e9-4d35-a3a4-0eb33cae6c86', '0000-00-00 00:00:00', '90000.00', '0000-00-00 00:00:00', '1', '部门经理', '4565465465', '3', 'r4er', '111', '', '', '0000-00-00 00:00:00', '', '0000-00-00 00:00:00', '3462420264@qq.com');
INSERT INTO `user_info` VALUES ('f8f7c068-37d2-48c0-a31a-d5ea19be7843', '王楠', '8fe436ac-87e9-4d35-a3a4-0eb33cae6c86', '0000-00-00 00:00:00', '60000.00', '0000-00-00 00:00:00', '1', '部门经理', '4654654', '3', '是个帅哥', '234', '', '', '0000-00-00 00:00:00', '', '0000-00-00 00:00:00', '');
INSERT INTO `user_info` VALUES ('f017f864-218e-43b7-a28e-8c89ab109fea', 'defqq', '8fe436ac-87e9-4d35-a3a4-0eb33cae6c86', '0000-00-00 00:00:00', '6666.00', '0000-00-00 00:00:00', '1', '员工', '4664435', '4', '贪玩儿而我', '12232', '', '', '0000-00-00 00:00:00', '', '0000-00-00 00:00:00', '3462420264@qq.com');
INSERT INTO `user_info` VALUES ('424b2d01-d812-4f30-be40-dcda14110118', 'J0724', '18077bdb-8dd3-4aae-95a2-078c963f8416', '0000-00-00 00:00:00', '444.00', '0000-00-00 00:00:00', '0', 'J0724', '3432', '4', 'dd', '13', '', '', '0000-00-00 00:00:00', '', '0000-00-00 00:00:00', '');
INSERT INTO `user_info` VALUES ('5758571d-93c6-48f0-9e67-20a442779531', 'C', '18077bdb-8dd3-4aae-95a2-078c963f8416', '0000-00-00 00:00:00', '4444.00', '0000-00-00 00:00:00', '1', 'C', '43534543', '4', 'C', '12', '', '', '0000-00-00 00:00:00', '', '0000-00-00 00:00:00', '');
INSERT INTO `user_info` VALUES ('e1c95657-26f5-4bf5-bb99-1fec8f1669b2', '王小芬', '677f58a8-d8c8-4ff5-b9b9-d3df141f7329', '0000-00-00 00:00:00', '80000.00', '0000-00-00 00:00:00', '0', '部门经理', '456565', '3', 'ertre', '234', '', '', '0000-00-00 00:00:00', '', '0000-00-00 00:00:00', '3462420264@qq.com');
INSERT INTO `user_info` VALUES ('6f9f16c8-827b-4cc8-9e20-210aa82d1fcf', 'D', '18077bdb-8dd3-4aae-95a2-078c963f8416', '0000-00-00 00:00:00', '2222.00', '0000-00-00 00:00:00', '1', 'D', '3224', '4', 'D', '14', '', '', '0000-00-00 00:00:00', '', '0000-00-00 00:00:00', '');
INSERT INTO `user_info` VALUES ('71a5a695-0ba5-4f0d-a0b5-0a304efde944', 'J0723', '18077bdb-8dd3-4aae-95a2-078c963f8416', '0000-00-00 00:00:00', '465464.00', '0000-00-00 00:00:00', '1', 'J0723', '32432', '4', 'q', '12', '', '', '0000-00-00 00:00:00', '', '0000-00-00 00:00:00', '');
INSERT INTO `user_info` VALUES ('9fe270f8-f682-4126-92aa-604d945c95f1', '张三', '', '0000-00-00 00:00:00', '1111.00', '0000-00-00 00:00:00', '1', '111', '111', '4', '111', '111', '', '', '0000-00-00 00:00:00', '', '0000-00-00 00:00:00', '');
INSERT INTO `user_info` VALUES ('acde96ad-32e9-4c9c-8555-a90a282193a0', '小娇', '', '0000-00-00 00:00:00', '20000.00', '0000-00-00 00:00:00', '0', '服务员', '32543223', '1', '要提高服务质量', '1', '', '', '0000-00-00 00:00:00', '', '0000-00-00 00:00:00', '');
INSERT INTO `user_info` VALUES ('acde96ad-32e9-4c9c-8555-a90a282193a1', 'cgx', '', '0000-00-00 00:00:00', '0.00', '0000-00-00 00:00:00', '', '', '', '4', '', null, '', '', '0000-00-00 00:00:00', '', '0000-00-00 00:00:00', '');
INSERT INTO `user_info` VALUES ('b11c3da4-4760-4f4f-9913-78f7749ffcf9', 'J0725', '18077bdb-8dd3-4aae-95a2-078c963f8416', '0000-00-00 00:00:00', '555.00', '0000-00-00 00:00:00', '0', 'J0725', '5464', '3', 'qqq', '14', '', '', '0000-00-00 00:00:00', '', '0000-00-00 00:00:00', '');
INSERT INTO `user_info` VALUES ('e0de22fe-2c50-4216-ad75-ed0494d2dc92', '小陈', '18077bdb-8dd3-4aae-95a2-078c963f8416', '0000-00-00 00:00:00', '2222.00', '0000-00-00 00:00:00', '1', '拍片', '2', '0', '22', '2', '', '', '0000-00-00 00:00:00', '', '0000-00-00 00:00:00', '');
INSERT INTO `user_info` VALUES ('ef1f631d-76c8-4837-9ad9-f5f6209e4463', '杨露九君', '8fe436ac-87e9-4d35-a3a4-0eb33cae6c86', '0000-00-00 00:00:00', '80000.00', '0000-00-00 00:00:00', '1', '部门经理', '65765765', '3', '是个经理', '678', '', '', '0000-00-00 00:00:00', '', '0000-00-00 00:00:00', '3462420264@qq.com');
INSERT INTO `user_info` VALUES ('c0f469b0-cad9-4f3a-ba82-a6c0573ce4c0', '张三', '8fe436ac-87e9-4d35-a3a4-0eb33cae6c86', '0000-00-00 00:00:00', '30000.00', '0000-00-00 00:00:00', '1', '船运专员', '43543545', '4', 'aaa', '123', '', '', '0000-00-00 00:00:00', '', '0000-00-00 00:00:00', '3462420264@qq.com');
INSERT INTO `user_info` VALUES ('2fe8de53-d911-4ff3-aad6-b7c643e55b43', '谭琪', 'cf0015d3-bcdd-433b-889d-808b53b72640', '2019-07-08 10:57:53', '5000.00', '1997-08-28 10:58:27', '0', '程序员', '19970043047', '4', '越努力，越幸福', '1', null, null, '2019-07-08 18:26:48', null, '2019-07-08 18:26:48', '2108163365@qq.com');
